大專校院校別學生數,,,,,,,,,,,,,,,,,,,,,,,,
107 學年度 SY2018-2019,,,,,,,,,,,,,,,,,,,,,,,,
學校代碼,學校名稱,日間∕進修別,等級別,總計,男生計,女生計,一年級男生,一年級女生,二年級男生,二年級女生,三年級男生,三年級女生,四年級男生,四年級女生,五年級男生,五年級女生,六年級男生,六年級女生,七年級男生,七年級女生,延修生男生,延修生女生,縣市名稱,體系別
0001,國立政治大學,D 日,D 博士,965,551,414,96,85,82,78,93,59,77,54,71,52,58,46,74,40,-,-,30 臺北市,1 一般
0001,國立政治大學,D 日,M 碩士,"3,998","1,854","2,144",624,742,632,695,348,431,250,276,-,-,-,-,-,-,-,-,30 臺北市,1 一般
0001,國立政治大學,D 日,B 學士,"9,630","3,983","5,647",899,"1,287",890,"1,332",878,"1,325",990,"1,240",-,-,-,-,-,-,326,463,30 臺北市,1 一般
0001,國立政治大學,N 職,M 碩士,"1,750",896,854,303,248,253,259,201,210,86,90,53,47,-,-,-,-,-,-,30 臺北市,1 一般
0002,國立清華大學,D 日,D 博士,"1,664","1,221",443,225,99,201,71,189,73,168,49,158,50,112,43,168,58,-,-,18 新竹市,1 一般
0002,國立清華大學,D 日,M 碩士,"5,018","3,141","1,877","1,315",719,"1,159",639,464,306,193,190,6,13,4,10,-,-,-,-,18 新竹市,1 一般
0002,國立清華大學,D 日,B 學士,"8,689","4,696","3,993","1,089",865,"1,087",936,"1,161",994,"1,073","1,032",-,-,-,-,-,-,286,166,18 新竹市,1 一般
0002,國立清華大學,D 日,X 4+X,65,41,24,22,16,19,8,-,-,-,-,-,-,-,-,-,-,-,-,18 新竹市,1 一般
0002,國立清華大學,N 職,M 碩士,"1,221",459,762,186,238,165,227,40,125,27,60,17,46,8,14,16,52,-,-,18 新竹市,1 一般
0003,國立臺灣大學,D 日,D 博士,"3,459","2,405","1,054",408,196,374,168,383,147,350,158,304,123,234,109,352,153,-,-,30 臺北市,1 一般
0003,國立臺灣大學,D 日,M 碩士,"10,197","6,178","4,019","2,445","1,552","2,343","1,475",930,604,460,388,-,-,-,-,-,-,-,-,30 臺北市,1 一般
0003,國立臺灣大學,D 日,B 學士,"16,604","9,447","7,157","2,126","1,525","2,110","1,666","2,122","1,673","2,006","1,562",184,98,126,61,102,35,671,537,30 臺北市,1 一般
0003,國立臺灣大學,N 職,M 碩士,"1,485",904,581,321,238,316,201,152,93,43,22,35,7,37,20,-,-,-,-,30 臺北市,1 一般
0004,國立臺灣師範大學,D 日,D 博士,"1,378",685,693,109,116,122,120,99,99,103,119,95,82,87,90,70,67,-,-,30 臺北市,3 師範
0004,國立臺灣師範大學,D 日,M 碩士,"4,083","1,714","2,369",614,796,548,711,344,516,208,346,-,-,-,-,-,-,-,-,30 臺北市,3 師範
0004,國立臺灣師範大學,D 日,B 學士,"8,079","3,583","4,496",846,"1,066",850,"1,063",843,"1,078",804,"1,018",-,-,-,-,-,-,240,271,30 臺北市,3 師範
0004,國立臺灣師範大學,N 職,M 碩士,"2,042",596,"1,446",196,450,164,399,111,263,43,159,49,104,33,71,-,-,-,-,30 臺北市,3 師範
0005,國立成功大學,D 日,D 博士,"1,780","1,241",539,244,110,216,97,183,79,188,76,141,69,129,49,140,59,-,-,21 臺南市,1 一般
0005,國立成功大學,D 日,M 碩士,"6,720","4,244","2,476","1,849","1,072","1,766",982,463,294,165,123,1,5,-,-,-,-,-,-,21 臺南市,1 一般
0005,國立成功大學,D 日,B 學士,"11,390","7,123","4,267","1,672","1,010","1,651","1,041","1,668",996,"1,593",955,82,68,49,27,53,21,355,149,21 臺南市,1 一般
0005,國立成功大學,N 職,M 碩士,"1,386",873,513,287,179,271,182,168,108,95,30,52,14,-,-,-,-,-,-,21 臺南市,1 一般
0006,國立中興大學,D 日,D 博士,941,662,279,103,52,99,50,104,39,88,36,92,27,81,30,95,45,-,-,19 臺中市,1 一般
0006,國立中興大學,D 日,M 碩士,"3,401","2,049","1,352",879,564,815,543,240,172,113,70,2,3,-,-,-,-,-,-,19 臺中市,1 一般
0006,國立中興大學,D 日,B 學士,"8,090","4,685","3,405","1,087",799,"1,100",813,"1,121",840,"1,151",815,21,45,-,-,-,-,205,93,19 臺中市,1 一般
0006,國立中興大學,N 職,M 碩士,"1,506","1,006",500,346,193,313,173,161,64,92,35,94,35,-,-,-,-,-,-,19 臺中市,1 一般
0006,國立中興大學,P 進,B 學士,946,399,547,91,129,70,116,97,117,83,126,48,49,-,-,-,-,10,10,19 臺中市,1 一般
0007,國立交通大學,D 日,D 博士,"1,729","1,380",349,297,90,235,66,208,43,174,56,158,39,131,24,177,31,-,-,18 新竹市,1 一般
0007,國立交通大學,D 日,M 碩士,"5,611","3,843","1,768","1,450",671,"1,352",635,833,342,207,119,1,1,-,-,-,-,-,-,18 新竹市,1 一般
0007,國立交通大學,D 日,B 學士,"5,398","3,735","1,663",881,417,907,416,893,396,906,374,-,-,-,-,-,-,148,60,18 新竹市,1 一般
0007,國立交通大學,N 職,M 碩士,"1,533","1,029",504,344,206,330,159,159,62,116,41,80,36,-,-,-,-,-,-,18 新竹市,1 一般
0008,國立中央大學,D 日,D 博士,"1,046",763,283,154,55,126,57,129,58,100,40,88,31,76,19,90,23,-,-,03 桃園市,1 一般
0008,國立中央大學,D 日,M 碩士,"3,509","2,349","1,160","1,019",479,922,471,320,139,88,71,-,-,-,-,-,-,-,-,03 桃園市,1 一般
0008,國立中央大學,D 日,B 學士,"6,057","3,872","2,185",931,558,956,535,917,524,907,512,-,-,-,-,-,-,161,56,03 桃園市,1 一般
0008,國立中央大學,N 職,M 碩士,"1,348",883,465,356,157,274,204,130,55,66,28,57,21,-,-,-,-,-,-,03 桃園市,1 一般
0009,國立中山大學,D 日,D 博士,785,534,251,119,54,92,44,90,32,61,40,60,25,59,29,53,27,-,-,50 高雄市,1 一般
0009,國立中山大學,D 日,M 碩士,"2,889","1,841","1,048",788,391,670,383,282,170,101,104,-,-,-,-,-,-,-,-,50 高雄市,1 一般
0009,國立中山大學,D 日,B 學士,"4,726","2,953","1,773",694,412,720,401,683,452,677,425,-,-,-,-,-,-,179,83,50 高雄市,1 一般
0009,國立中山大學,N 職,M 碩士,"1,025",523,502,201,182,208,192,57,64,57,64,-,-,-,-,-,-,-,-,50 高雄市,1 一般
0012,國立臺灣海洋大學,D 日,D 博士,301,230,71,52,14,38,20,33,6,26,11,30,6,15,5,36,9,-,-,17 基隆市,1 一般
0012,國立臺灣海洋大學,D 日,M 碩士,"1,416",911,505,405,238,342,176,98,50,45,22,15,13,6,6,-,-,-,-,17 基隆市,1 一般
0012,國立臺灣海洋大學,D 日,B 學士,"5,769","4,002","1,767",956,455,955,455,953,433,944,393,-,-,-,-,-,-,194,31,17 基隆市,1 一般
0012,國立臺灣海洋大學,N 職,M 碩士,552,334,218,115,92,108,71,65,29,26,14,12,9,4,1,4,2,-,-,17 基隆市,1 一般
0012,國立臺灣海洋大學,N 修,X 4+X,144,123,21,63,11,58,9,-,-,-,-,-,-,-,-,-,-,2,1,17 基隆市,1 一般
0012,國立臺灣海洋大學,P 進,B 學士,473,268,205,60,52,47,40,68,55,66,48,-,-,-,-,-,-,27,10,17 基隆市,1 一般
0013,國立中正大學,D 日,D 博士,600,407,193,70,33,61,38,65,29,64,34,45,18,46,21,56,20,-,-,10 嘉義縣,1 一般
0013,國立中正大學,D 日,M 碩士,"2,799","1,739","1,060",700,393,647,405,263,181,128,81,1,-,-,-,-,-,-,-,10 嘉義縣,1 一般
0013,國立中正大學,D 日,B 學士,"6,579","3,591","2,988",814,727,851,727,894,718,867,732,-,-,-,-,-,-,165,84,10 嘉義縣,1 一般
0013,國立中正大學,N 職,M 碩士,"1,350",640,710,221,261,188,238,120,111,63,57,48,43,-,-,-,-,-,-,10 嘉義縣,1 一般
0014,國立高雄師範大學,D 日,D 博士,441,216,225,37,34,39,35,35,37,27,38,29,32,17,21,32,28,-,-,50 高雄市,3 師範
0014,國立高雄師範大學,D 日,M 碩士,"1,393",531,862,194,273,167,253,96,163,61,145,13,24,-,4,-,-,-,-,50 高雄市,3 師範
0014,國立高雄師範大學,D 日,B 學士,"3,492","1,676","1,816",452,442,368,447,409,443,396,442,-,-,-,-,-,-,51,42,50 高雄市,3 師範
0014,國立高雄師範大學,N 職,M 碩士,"1,352",477,875,159,267,170,275,75,150,36,96,17,46,20,41,-,-,-,-,50 高雄市,3 師範
0015,國立彰化師範大學,D 日,D 博士,498,305,193,51,32,53,36,54,28,44,36,41,22,36,21,26,18,-,-,07 彰化縣,3 師範
0015,國立彰化師範大學,D 日,M 碩士,"1,525",751,774,311,279,251,238,120,148,69,109,-,-,-,-,-,-,-,-,07 彰化縣,3 師範
0015,國立彰化師範大學,D 日,B 學士,"4,924","2,587","2,337",621,569,618,575,593,594,620,545,-,-,-,-,-,-,135,54,07 彰化縣,3 師範
0015,國立彰化師範大學,N 職,M 碩士,"1,386",602,784,203,253,187,250,71,121,52,59,30,30,59,71,-,-,-,-,07 彰化縣,3 師範
0016,國立陽明大學,D 日,D 博士,852,495,357,98,70,71,54,94,51,77,51,61,45,42,39,52,47,-,-,30 臺北市,1 一般
0016,國立陽明大學,D 日,M 碩士,"1,257",517,740,250,304,188,296,59,99,19,40,1,1,-,-,-,-,-,-,30 臺北市,1 一般
0016,國立陽明大學,D 日,B 學士,"2,084","1,167",917,229,176,211,182,217,185,199,184,109,64,103,67,81,45,18,14,30 臺北市,1 一般
0016,國立陽明大學,N 職,M 碩士,141,44,97,17,32,14,34,10,21,1,7,2,3,-,-,-,-,-,-,30 臺北市,1 一般
0017,國立臺北大學,D 日,D 博士,197,126,71,23,14,22,14,25,11,14,13,13,7,14,3,15,9,-,-,01 新北市,1 一般
0017,國立臺北大學,D 日,M 碩士,"1,330",652,678,247,249,241,248,97,104,64,71,3,6,-,-,-,-,-,-,01 新北市,1 一般
0017,國立臺北大學,D 日,B 學士,"5,822","2,655","3,167",617,769,633,751,634,765,647,749,-,-,-,-,-,-,124,133,01 新北市,1 一般
0017,國立臺北大學,N 職,M 碩士,487,236,251,99,103,79,87,38,41,14,10,6,10,-,-,-,-,-,-,01 新北市,1 一般
0017,國立臺北大學,P 進,B 學士,"2,087",791,"1,296",214,335,181,289,165,292,174,299,6,24,-,-,-,-,51,57,01 新北市,1 一般
0018,國立嘉義大學,D 日,D 博士,193,109,84,27,12,17,13,21,11,20,18,9,13,6,2,9,15,-,-,20 嘉義市,1 一般
0018,國立嘉義大學,D 日,M 碩士,"1,306",619,687,235,241,175,213,139,122,70,111,-,-,-,-,-,-,-,-,20 嘉義市,1 一般
0018,國立嘉義大學,D 日,B 學士,"7,674","3,928","3,746",927,917,934,912,948,895,959,921,31,21,-,-,-,-,129,80,20 嘉義市,1 一般
0018,國立嘉義大學,N 職,M 碩士,965,396,569,139,170,138,195,62,117,57,87,-,-,-,-,-,-,-,-,20 嘉義市,1 一般
0018,國立嘉義大學,P 進,B 學士,"2,081","1,295",786,332,193,304,178,270,177,291,194,-,-,-,-,-,-,98,44,20 嘉義市,1 一般
0019,國立高雄大學,D 日,D 博士,24,21,3,6,1,4,1,6,-,2,-,-,-,3,1,-,-,-,-,50 高雄市,1 一般
0019,國立高雄大學,D 日,M 碩士,636,404,232,166,92,135,90,70,35,33,15,-,-,-,-,-,-,-,-,50 高雄市,1 一般
0019,國立高雄大學,D 日,B 學士,"4,277","2,465","1,812",634,451,559,438,586,427,564,437,-,-,-,-,-,-,122,59,50 高雄市,1 一般
0019,國立高雄大學,N 職,M 碩士,454,297,157,99,52,101,56,50,20,23,18,15,6,9,5,-,-,-,-,50 高雄市,1 一般
0019,國立高雄大學,N 修,C 二技,174,106,68,-,-,-,-,38,22,34,19,-,-,-,-,-,-,34,27,50 高雄市,2 技職
0020,國立東華大學,D 日,D 博士,375,231,144,46,43,39,17,43,25,26,21,33,11,25,13,19,14,-,-,15 花蓮縣,1 一般
0020,國立東華大學,D 日,M 碩士,"1,501",766,735,259,246,217,207,154,145,136,137,-,-,-,-,-,-,-,-,15 花蓮縣,1 一般
0020,國立東華大學,D 日,B 學士,"7,531","3,616","3,915",824,963,863,929,827,950,842,906,-,-,-,-,-,-,260,167,15 花蓮縣,1 一般
0020,國立東華大學,N 職,M 碩士,521,226,295,79,117,60,73,41,54,24,15,10,20,12,16,-,-,-,-,15 花蓮縣,1 一般
0021,國立暨南國際大學,D 日,D 博士,324,163,161,23,34,32,28,33,28,20,20,16,25,21,12,18,14,-,-,08 南投縣,1 一般
0021,國立暨南國際大學,D 日,M 碩士,848,422,426,136,154,142,123,77,76,56,62,9,5,2,6,-,-,-,-,08 南投縣,1 一般
0021,國立暨南國際大學,D 日,B 學士,"4,599","2,102","2,497",446,600,519,600,494,620,533,585,-,-,-,-,-,-,110,92,08 南投縣,1 一般
0021,國立暨南國際大學,N 職,M 碩士,429,191,238,68,75,70,71,33,49,11,21,5,13,4,9,-,-,-,-,08 南投縣,1 一般
0022,國立臺灣科技大學,D 日,D 博士,"1,003",793,210,186,53,194,46,144,50,88,18,61,19,67,17,53,7,-,-,30 臺北市,2 技職
0022,國立臺灣科技大學,D 日,M 碩士,"3,500","2,409","1,091","1,133",510,998,456,223,101,55,24,-,-,-,-,-,-,-,-,30 臺北市,2 技職
0022,國立臺灣科技大學,D 日,B 四技,"5,641","3,974","1,667",968,392,959,393,967,388,885,427,-,-,-,-,-,-,195,67,30 臺北市,2 技職
0022,國立臺灣科技大學,D 日,C 二技,187,76,111,-,-,-,-,44,55,31,48,-,-,-,-,-,-,1,8,30 臺北市,2 技職
0022,國立臺灣科技大學,N 職,D 博士,5,5,-,-,-,-,-,-,-,-,-,-,-,-,-,5,-,-,-,30 臺北市,2 技職
0022,國立臺灣科技大學,N 職,M 碩士,798,533,265,207,121,205,105,67,26,50,11,2,1,2,1,-,-,-,-,30 臺北市,2 技職
0022,國立臺灣科技大學,N 修,C 二技,3,-,3,-,-,-,-,-,-,-,-,-,-,-,-,-,-,-,3,30 臺北市,2 技職
0023,國立雲林科技大學,D 日,D 博士,419,262,157,51,32,45,27,38,22,42,22,41,21,19,17,26,16,-,-,09 雲林縣,2 技職
0023,國立雲林科技大學,D 日,M 碩士,"1,934","1,219",715,497,293,512,259,153,114,57,49,-,-,-,-,-,-,-,-,09 雲林縣,2 技職
0023,國立雲林科技大學,D 日,B 四技,"6,360","3,779","2,581",892,621,891,630,924,623,916,626,-,-,-,-,-,-,156,81,09 雲林縣,2 技職
0023,國立雲林科技大學,D 日,C 二技,219,93,126,-,-,-,-,43,62,39,48,-,-,-,-,-,-,11,16,09 雲林縣,2 技職
0023,國立雲林科技大學,N 職,M 碩士,714,402,312,164,136,137,107,60,46,21,13,20,10,-,-,-,-,-,-,09 雲林縣,2 技職
0023,國立雲林科技大學,N 修,B 四技,86,36,50,17,27,19,23,-,-,-,-,-,-,-,-,-,-,-,-,09 雲林縣,2 技職
0024,國立屏東科技大學,D 日,D 博士,248,165,83,36,18,24,13,26,13,21,10,20,10,11,8,27,11,-,-,13 屏東縣,2 技職
0024,國立屏東科技大學,D 日,M 碩士,"1,160",668,492,306,249,246,155,82,64,29,19,2,1,3,4,-,-,-,-,13 屏東縣,2 技職
0024,國立屏東科技大學,D 日,B 四技,"7,832","4,134","3,698","1,007",845,966,860,934,866,928,925,49,56,-,-,-,-,250,146,13 屏東縣,2 技職
0024,國立屏東科技大學,D 日,C 二技,7,2,5,-,-,-,-,1,2,1,2,-,-,-,-,-,-,-,1,13 屏東縣,2 技職
0024,國立屏東科技大學,N 職,M 碩士,404,284,120,86,46,128,50,29,11,19,6,12,4,10,3,-,-,-,-,13 屏東縣,2 技職
0024,國立屏東科技大學,N 修,B 四技,"1,471",799,672,205,137,175,170,177,146,169,180,-,-,-,-,-,-,73,39,13 屏東縣,2 技職
0025,國立臺北科技大學,D 日,D 博士,689,537,152,94,19,89,26,85,21,80,22,60,17,56,21,73,26,-,-,30 臺北市,2 技職
0025,國立臺北科技大學,D 日,M 碩士,"2,842","2,130",712,947,314,934,317,198,59,51,22,-,-,-,-,-,-,-,-,30 臺北市,2 技職
0025,國立臺北科技大學,D 日,B 四技,"5,928","4,146","1,782","1,049",460,"1,044",469,"1,029",444,983,400,-,-,-,-,-,-,41,9,30 臺北市,2 技職
0025,國立臺北科技大學,D 日,C 二技,122,54,68,-,-,-,-,33,44,21,24,-,-,-,-,-,-,-,-,30 臺北市,2 技職
0025,國立臺北科技大學,D 日,5 五專,32,26,6,26,6,-,-,-,-,-,-,-,-,-,-,-,-,-,-,30 臺北市,2 技職
0025,國立臺北科技大學,N 職,M 碩士,"1,538","1,105",433,407,169,377,152,164,71,97,26,33,11,27,4,-,-,-,-,30 臺北市,2 技職
0025,國立臺北科技大學,N 修,B 四技,"1,778","1,504",274,383,65,431,87,377,74,278,43,-,-,-,-,-,-,35,5,30 臺北市,2 技職
0025,國立臺北科技大學,N 修,C 二技,168,120,48,-,-,-,-,38,10,39,17,14,7,-,-,-,-,29,14,30 臺北市,2 技職
0028,國立臺北藝術大學,D 日,D 博士,94,30,64,8,13,10,9,3,12,1,12,4,5,3,6,1,7,-,-,30 臺北市,1 一般
0028,國立臺北藝術大學,D 日,M 碩士,971,347,624,97,178,99,164,74,159,77,123,-,-,-,-,-,-,-,-,30 臺北市,1 一般
0028,國立臺北藝術大學,D 日,B 學士,"1,713",596,"1,117",128,244,149,238,121,270,134,244,-,-,-,-,-,-,64,121,30 臺北市,1 一般
0028,國立臺北藝術大學,D 日,X 4+X,53,34,19,21,9,12,10,-,-,-,-,-,-,-,-,-,-,1,-,30 臺北市,1 一般
0028,國立臺北藝術大學,D 日,5 五專,72,26,46,7,16,7,15,12,15,-,-,-,-,-,-,-,-,-,-,30 臺北市,1 一般
0028,國立臺北藝術大學,N 職,M 碩士,169,52,117,12,35,13,37,14,25,7,14,6,6,-,-,-,-,-,-,30 臺北市,1 一般
0029,國立臺灣藝術大學,D 日,D 博士,126,64,62,19,15,15,16,12,10,8,8,6,5,2,6,2,2,-,-,01 新北市,1 一般
0029,國立臺灣藝術大學,D 日,M 碩士,725,286,439,78,159,74,114,80,111,54,55,-,-,-,-,-,-,-,-,01 新北市,1 一般
0029,國立臺灣藝術大學,D 日,B 學士,"2,459",707,"1,752",155,376,140,403,154,394,144,389,-,-,-,-,-,-,114,190,01 新北市,1 一般
0029,國立臺灣藝術大學,N 職,M 碩士,422,167,255,39,62,40,71,46,49,24,39,12,22,6,12,-,-,-,-,01 新北市,1 一般
0029,國立臺灣藝術大學,N 修,C 二技,369,92,277,-,-,-,-,35,122,36,106,-,-,-,-,-,-,21,49,01 新北市,2 技職
0029,國立臺灣藝術大學,P 進,B 學士,"1,613",513,"1,100",120,260,119,249,112,236,100,255,-,-,-,-,-,-,62,100,01 新北市,1 一般
0030,國立臺東大學,D 日,D 博士,44,17,27,5,4,2,4,1,6,5,3,1,3,1,2,2,5,-,-,14 臺東縣,1 一般
0030,國立臺東大學,D 日,M 碩士,337,129,208,41,70,41,60,30,37,14,27,3,13,-,1,-,-,-,-,14 臺東縣,1 一般
0030,國立臺東大學,D 日,B 學士,"3,473","1,705","1,768",425,456,422,412,377,422,401,430,-,-,-,-,-,-,80,48,14 臺東縣,1 一般
0030,國立臺東大學,N 職,M 碩士,536,152,384,51,157,56,132,17,45,18,25,5,12,2,10,3,3,-,-,14 臺東縣,1 一般
0030,國立臺東大學,N 修,C 二技,19,10,9,-,-,-,-,10,9,-,-,-,-,-,-,-,-,-,-,14 臺東縣,2 技職
0030,國立臺東大學,P 進,B 學士,174,76,98,24,28,19,31,18,20,11,17,-,-,-,-,-,-,4,2,14 臺東縣,1 一般
0031,國立宜蘭大學,D 日,D 博士,11,8,3,1,2,1,-,3,-,-,-,1,1,-,-,2,-,-,-,02 宜蘭縣,1 一般
0031,國立宜蘭大學,D 日,M 碩士,456,298,158,115,71,114,57,50,25,18,5,1,-,-,-,-,-,-,-,02 宜蘭縣,1 一般
0031,國立宜蘭大學,D 日,B 學士,"4,409","2,865","1,544",649,399,731,373,712,374,663,373,-,-,-,-,-,-,110,25,02 宜蘭縣,1 一般
0031,國立宜蘭大學,N 職,M 碩士,222,163,59,59,26,40,17,24,9,18,2,13,5,9,-,-,-,-,-,02 宜蘭縣,1 一般
0031,國立宜蘭大學,P 進,B 學士,372,252,120,75,33,65,23,50,35,46,25,-,-,-,-,-,-,16,4,02 宜蘭縣,1 一般
0032,國立聯合大學,D 日,D 博士,15,15,-,3,-,3,-,3,-,3,-,2,-,-,-,1,-,-,-,05 苗栗縣,1 一般
0032,國立聯合大學,D 日,M 碩士,456,332,124,144,53,111,47,53,17,23,5,-,2,1,-,-,-,-,-,05 苗栗縣,1 一般
0032,國立聯合大學,D 日,B 學士,"5,901","4,022","1,879",963,460,983,459,931,455,956,452,23,18,-,-,-,-,166,35,05 苗栗縣,1 一般
0032,國立聯合大學,N 職,M 碩士,6,2,4,1,2,1,2,-,-,-,-,-,-,-,-,-,-,-,-,05 苗栗縣,1 一般
0032,國立聯合大學,P 進,B 學士,"1,244",773,471,256,101,147,113,153,118,162,116,-,-,-,-,-,-,55,23,05 苗栗縣,1 一般
0033,國立虎尾科技大學,D 日,D 博士,39,31,8,10,1,7,1,4,1,3,2,2,1,4,2,1,-,-,-,09 雲林縣,2 技職
0033,國立虎尾科技大學,D 日,M 碩士,852,670,182,330,94,262,72,58,12,20,4,-,-,-,-,-,-,-,-,09 雲林縣,2 技職
0033,國立虎尾科技大學,D 日,B 四技,"7,175","5,480","1,695","1,371",402,"1,384",412,"1,287",430,"1,258",421,-,-,-,-,-,-,180,30,09 雲林縣,2 技職
0033,國立虎尾科技大學,D 日,C 二技,204,160,44,-,-,-,-,87,22,71,22,-,-,-,-,-,-,2,-,09 雲林縣,2 技職
0033,國立虎尾科技大學,D 日,5 五專,52,45,7,45,7,-,-,-,-,-,-,-,-,-,-,-,-,-,-,09 雲林縣,2 技職
0033,國立虎尾科技大學,N 職,M 碩士,191,136,55,39,25,50,21,20,6,23,2,4,1,-,-,-,-,-,-,09 雲林縣,2 技職
0033,國立虎尾科技大學,N 修,B 四技,"1,717","1,348",369,399,122,346,87,336,80,221,63,-,-,-,-,-,-,46,17,09 雲林縣,2 技職
0033,國立虎尾科技大學,N 修,C 二技,98,50,48,-,-,-,-,22,18,27,30,-,-,-,-,-,-,1,-,09 雲林縣,2 技職
0035,國立臺南藝術大學,D 日,D 博士,37,20,17,3,4,4,3,3,3,2,2,1,3,5,-,2,2,-,-,11 臺南市,1 一般
0035,國立臺南藝術大學,D 日,M 碩士,535,185,350,45,122,52,84,40,82,47,59,-,2,-,-,1,1,-,-,11 臺南市,1 一般
0035,國立臺南藝術大學,D 日,B 學士,774,240,534,57,132,55,127,58,130,47,121,-,-,-,-,-,-,23,24,11 臺南市,1 一般
0035,國立臺南藝術大學,D 日,5 五專,167,58,109,20,39,16,38,22,32,-,-,-,-,-,-,-,-,-,-,11 臺南市,1 一般
0035,國立臺南藝術大學,N 職,M 碩士,51,14,37,1,6,1,8,4,10,7,5,-,3,-,3,1,2,-,-,11 臺南市,1 一般
0036,國立臺南大學,D 日,D 博士,176,77,99,10,16,12,15,13,19,15,15,11,8,9,13,7,13,-,-,21 臺南市,1 一般
0036,國立臺南大學,D 日,M 碩士,879,394,485,130,159,129,135,88,110,46,76,1,4,-,1,-,-,-,-,21 臺南市,1 一般
0036,國立臺南大學,D 日,B 學士,"3,885","1,820","2,065",435,497,429,506,435,497,429,517,-,-,-,-,-,-,92,48,21 臺南市,1 一般
0036,國立臺南大學,N 職,M 碩士,662,218,444,80,148,74,145,33,65,20,59,10,20,1,7,-,-,-,-,21 臺南市,1 一般
0036,國立臺南大學,P 進,B 學士,90,39,51,23,20,1,10,2,7,9,11,-,-,-,-,-,-,4,3,21 臺南市,1 一般
0037,國立臺北教育大學,D 日,D 博士,148,73,75,10,16,15,14,11,11,12,11,4,9,6,6,15,8,-,-,30 臺北市,3 師範
0037,國立臺北教育大學,D 日,M 碩士,"1,321",445,876,131,282,134,262,90,163,80,143,7,17,3,9,-,-,-,-,30 臺北市,3 師範
0037,國立臺北教育大學,D 日,B 學士,"3,408","1,174","2,234",270,566,288,531,270,527,267,531,-,-,-,-,-,-,79,79,30 臺北市,3 師範
0037,國立臺北教育大學,N 職,M 碩士,937,199,738,66,239,72,262,23,106,29,105,6,17,3,7,-,2,-,-,30 臺北市,3 師範
0039,國立臺中教育大學,D 日,D 博士,115,55,60,4,11,8,9,9,8,10,9,10,5,6,8,8,10,-,-,19 臺中市,3 師範
0039,國立臺中教育大學,D 日,M 碩士,822,288,534,88,175,84,187,73,100,31,50,4,16,8,6,-,-,-,-,19 臺中市,3 師範
0039,國立臺中教育大學,D 日,B 學士,"3,275","1,171","2,104",282,513,296,496,274,511,264,535,-,-,-,-,-,-,55,49,19 臺中市,3 師範
0039,國立臺中教育大學,N 職,M 碩士,754,189,565,57,192,49,174,31,111,23,47,13,26,16,15,-,-,-,-,19 臺中市,3 師範
0042,國立澎湖科技大學,D 日,M 碩士,69,40,29,16,10,15,11,8,6,1,2,-,-,-,-,-,-,-,-,16 澎湖縣,2 技職
0042,國立澎湖科技大學,D 日,B 四技,"2,616","1,541","1,075",394,272,383,249,355,298,347,244,-,-,-,-,-,-,62,12,16 澎湖縣,2 技職
0042,國立澎湖科技大學,D 日,5 五專,13,11,2,11,2,-,-,-,-,-,-,-,-,-,-,-,-,-,-,16 澎湖縣,2 技職
0042,國立澎湖科技大學,N 職,M 碩士,43,23,20,8,5,12,14,3,-,-,1,-,-,-,-,-,-,-,-,16 澎湖縣,2 技職
0042,國立澎湖科技大學,N 修,B 四技,284,134,150,56,41,27,41,21,28,21,34,-,-,-,-,-,-,9,6,16 澎湖縣,2 技職
0043,國立勤益科技大學,D 日,D 博士,18,16,2,3,-,2,1,3,-,2,1,3,-,3,-,-,-,-,-,06 臺中市,2 技職
0043,國立勤益科技大學,D 日,M 碩士,555,429,126,184,46,182,60,51,17,12,3,-,-,-,-,-,-,-,-,06 臺中市,2 技職
0043,國立勤益科技大學,D 日,B 四技,"6,673","4,520","2,153","1,163",549,"1,089",513,"1,031",497,"1,065",546,-,-,-,-,-,-,172,48,06 臺中市,2 技職
0043,國立勤益科技大學,D 日,C 二技,76,71,5,-,-,-,-,38,4,32,1,-,-,-,-,-,-,1,-,06 臺中市,2 技職
0043,國立勤益科技大學,N 職,M 碩士,281,224,57,93,28,77,23,25,2,17,3,8,1,4,-,-,-,-,-,06 臺中市,2 技職
0043,國立勤益科技大學,N 修,B 四技,"3,479","2,858",621,739,157,726,156,640,124,594,153,-,-,-,-,-,-,159,31,06 臺中市,2 技職
0043,國立勤益科技大學,N 修,C 二技,19,14,5,-,-,-,-,8,4,4,1,-,-,-,-,-,-,2,-,06 臺中市,2 技職
0044,國立體育大學,D 日,D 博士,158,108,50,26,3,20,8,14,10,21,7,11,6,10,6,6,10,-,-,03 桃園市,1 一般
0044,國立體育大學,D 日,M 碩士,343,189,154,79,53,57,50,32,31,21,20,-,-,-,-,-,-,-,-,03 桃園市,1 一般
0044,國立體育大學,D 日,B 學士,"1,675","1,075",600,272,140,235,158,232,149,242,122,-,-,-,-,-,-,94,31,03 桃園市,1 一般
0044,國立體育大學,N 職,M 碩士,216,132,84,53,27,41,31,21,16,12,6,4,3,1,1,-,-,-,-,03 桃園市,1 一般
0044,國立體育大學,N 修,C 二年制,73,55,18,-,-,-,-,26,9,24,8,-,-,-,-,-,-,5,1,03 桃園市,1 一般
0046,國立臺北護理健康大學,D 日,D 博士,69,6,63,3,15,3,15,-,8,-,7,-,8,-,9,-,1,-,-,30 臺北市,2 技職
0046,國立臺北護理健康大學,D 日,M 碩士,568,94,474,33,156,32,140,17,108,12,70,-,-,-,-,-,-,-,-,30 臺北市,2 技職
0046,國立臺北護理健康大學,D 日,B 四技,"2,836",715,"2,121",208,514,161,560,158,493,150,489,-,-,-,-,-,-,38,65,30 臺北市,2 技職
0046,國立臺北護理健康大學,D 日,C 二技,857,53,804,-,-,-,-,34,388,18,401,-,-,-,-,-,-,1,15,30 臺北市,2 技職
0046,國立臺北護理健康大學,N 職,M 碩士,203,30,173,11,57,8,54,9,44,2,18,-,-,-,-,-,-,-,-,30 臺北市,2 技職
0046,國立臺北護理健康大學,N 修,C 二技,714,24,690,-,-,-,-,13,229,9,217,1,219,-,-,-,-,1,25,30 臺北市,2 技職
0047,國立高雄餐旅大學,D 日,D 博士,29,12,17,1,6,1,4,3,-,2,1,2,5,1,-,2,1,-,-,50 高雄市,2 技職
0047,國立高雄餐旅大學,D 日,M 碩士,150,50,100,26,42,18,37,5,19,1,2,-,-,-,-,-,-,-,-,50 高雄市,2 技職
0047,國立高雄餐旅大學,D 日,B 四技,"3,176",922,"2,254",251,561,220,542,221,560,216,572,-,-,-,-,-,-,14,19,50 高雄市,2 技職
0047,國立高雄餐旅大學,D 日,C 二技,92,14,78,-,-,-,-,8,36,6,42,-,-,-,-,-,-,-,-,50 高雄市,2 技職
0047,國立高雄餐旅大學,D 日,5 五專,244,96,148,22,30,17,29,21,29,18,29,16,30,-,-,-,-,2,1,50 高雄市,2 技職
0047,國立高雄餐旅大學,N 職,M 碩士,50,28,22,6,12,11,6,4,1,6,1,1,2,-,-,-,-,-,-,50 高雄市,2 技職
0047,國立高雄餐旅大學,N 修,B 四技,"1,100",324,776,93,199,95,251,73,161,54,163,-,-,-,-,-,-,9,2,50 高雄市,2 技職
0047,國立高雄餐旅大學,N 修,C 二技,297,71,226,-,-,-,-,36,108,35,112,-,-,-,-,-,-,-,6,50 高雄市,2 技職
0047,國立高雄餐旅大學,N 修,X 4+X,47,16,31,15,26,-,-,-,-,-,-,-,-,-,-,-,-,1,5,50 高雄市,2 技職
0047,國立高雄餐旅大學,N 修,2 二專,12,5,7,-,-,-,1,-,-,-,-,-,-,-,-,-,-,5,6,50 高雄市,2 技職
0048,國立金門大學,D 日,M 碩士,207,127,80,39,36,44,16,24,16,20,12,-,-,-,-,-,-,-,-,71 金門縣,1 一般
0048,國立金門大學,D 日,B 學士,"3,153","1,593","1,560",335,377,394,343,364,401,393,385,25,16,-,-,-,-,82,38,71 金門縣,1 一般
0048,國立金門大學,N 職,M 碩士,91,69,22,36,11,25,9,8,2,-,-,-,-,-,-,-,-,-,-,71 金門縣,1 一般
0048,國立金門大學,P 進,B 學士,852,487,365,150,109,117,86,96,82,90,71,-,-,-,-,-,-,34,17,71 金門縣,1 一般
0049,國立臺灣體育運動大學,D 日,M 碩士,251,122,129,44,42,27,38,30,35,13,8,7,4,1,1,-,1,-,-,19 臺中市,1 一般
0049,國立臺灣體育運動大學,D 日,B 學士,"2,379","1,400",979,333,255,314,226,314,225,319,225,-,-,-,-,-,-,120,48,19 臺中市,1 一般
0049,國立臺灣體育運動大學,N 職,M 碩士,105,61,44,26,15,9,19,13,6,7,4,4,-,2,-,-,-,-,-,19 臺中市,1 一般
0049,國立臺灣體育運動大學,P 進,B 學士,365,259,106,64,34,64,26,63,24,45,17,-,-,-,-,-,-,23,5,19 臺中市,1 一般
0050,國立臺中科技大學,D 日,M 碩士,369,166,203,72,94,62,83,22,20,10,6,-,-,-,-,-,-,-,-,19 臺中市,2 技職
0050,國立臺中科技大學,D 日,B 四技,"5,470","1,590","3,880",398,923,367,934,409,949,335,974,-,-,-,-,-,-,81,100,19 臺中市,2 技職
0050,國立臺中科技大學,D 日,C 二技,"1,462",293,"1,169",-,-,-,-,148,554,129,505,-,-,-,-,-,-,16,110,19 臺中市,2 技職
0050,國立臺中科技大學,D 日,5 五專,"3,484",759,"2,725",176,550,157,501,145,499,120,550,144,585,-,-,-,-,17,40,19 臺中市,2 技職
0050,國立臺中科技大學,N 職,M 碩士,218,100,118,44,50,43,56,9,10,4,2,-,-,-,-,-,-,-,-,19 臺中市,2 技職
0050,國立臺中科技大學,N 修,B 四技,"2,156",712,"1,444",179,398,156,361,170,295,154,322,-,-,-,-,-,-,53,68,19 臺中市,2 技職
0050,國立臺中科技大學,N 修,C 二技,394,112,282,-,-,-,-,58,136,44,112,-,-,-,-,-,-,10,34,19 臺中市,2 技職
0050,國立臺中科技大學,N 修,2 二專,12,-,12,-,-,-,1,-,-,-,-,-,-,-,-,-,-,-,11,19 臺中市,2 技職
0051,國立臺北商業大學,D 日,M 碩士,238,96,142,56,82,28,52,7,6,5,2,-,-,-,-,-,-,-,-,30 臺北市,2 技職
0051,國立臺北商業大學,D 日,B 四技,"2,366",690,"1,676",175,376,190,452,168,413,135,399,-,-,-,-,-,-,22,36,30 臺北市,2 技職
0051,國立臺北商業大學,D 日,C 二技,779,169,610,-,-,-,-,83,293,74,294,-,-,-,-,-,-,12,23,30 臺北市,2 技職
0051,國立臺北商業大學,D 日,5 五專,"1,874",523,"1,351",118,230,88,267,83,271,104,280,112,272,-,-,-,-,18,31,30 臺北市,2 技職
0051,國立臺北商業大學,N 職,M 碩士,43,23,20,14,10,9,9,-,1,-,-,-,-,-,-,-,-,-,-,30 臺北市,2 技職
0051,國立臺北商業大學,N 修,B 四技,679,213,466,72,147,49,104,37,107,48,93,-,-,-,-,-,-,7,15,30 臺北市,2 技職
0051,國立臺北商業大學,N 修,C 二技,739,206,533,-,-,-,-,85,270,110,238,-,-,-,-,-,-,11,25,30 臺北市,2 技職
0051,國立臺北商業大學,N 修,X 4+X,9,4,5,-,-,4,5,-,-,-,-,-,-,-,-,-,-,-,-,30 臺北市,2 技職
0051,國立臺北商業大學,N 修,2 二專,2,2,-,-,-,-,-,1,-,-,-,-,-,-,-,-,-,1,-,30 臺北市,2 技職
0052,國立屏東大學,D 日,D 博士,46,24,22,4,5,5,6,4,2,2,7,5,1,1,1,3,-,-,-,13 屏東縣,1 一般
0052,國立屏東大學,D 日,M 碩士,889,381,508,139,182,124,135,68,122,50,69,-,-,-,-,-,-,-,-,13 屏東縣,1 一般
0052,國立屏東大學,D 日,B 學士,"6,731","2,672","4,059",627,975,655,973,671,968,589,"1,037",-,-,-,-,-,-,130,106,13 屏東縣,1 一般
0052,國立屏東大學,N 職,M 碩士,633,188,445,92,141,56,138,21,90,11,45,8,31,-,-,-,-,-,-,13 屏東縣,1 一般
0052,國立屏東大學,P 進,B 學士,670,320,350,104,95,77,83,67,91,44,58,-,-,-,-,-,-,28,23,13 屏東縣,1 一般
0053,國立高雄科技大學,D 日,D 博士,551,440,111,82,14,75,19,67,35,78,16,56,12,41,5,41,10,-,-,50 高雄市,2 技職
0053,國立高雄科技大學,D 日,M 碩士,"2,523","1,676",847,788,342,635,346,176,103,76,56,-,-,1,-,-,-,-,-,50 高雄市,2 技職
0053,國立高雄科技大學,D 日,B 四技,"17,332","10,588","6,744","2,662","1,578","2,581","1,631","2,514","1,683","2,408","1,679",-,-,-,-,-,-,423,173,50 高雄市,2 技職
0053,國立高雄科技大學,D 日,C 二技,456,284,172,-,-,-,-,119,83,130,81,-,-,-,-,-,-,35,8,50 高雄市,2 技職
0053,國立高雄科技大學,D 日,X 4+X,1,1,-,-,-,-,-,-,-,-,-,-,-,-,-,-,-,1,-,50 高雄市,2 技職
0053,國立高雄科技大學,D 日,5 五專,639,529,110,191,36,81,19,81,16,80,16,76,18,-,-,-,-,20,5,50 高雄市,2 技職
0053,國立高雄科技大學,N 職,M 碩士,"2,032","1,376",656,567,304,498,251,160,56,90,31,40,8,21,6,-,-,-,-,50 高雄市,2 技職
0053,國立高雄科技大學,N 修,B 四技,"3,538","2,400","1,138",649,346,623,268,498,242,438,240,-,-,-,-,-,-,192,42,50 高雄市,2 技職
0053,國立高雄科技大學,N 修,C 二技,202,100,102,-,-,-,-,45,27,48,61,-,-,-,-,-,-,7,14,50 高雄市,2 技職
0144,國立臺灣戲曲學院,D 日,B 四技,568,200,368,53,95,42,96,44,88,38,77,-,-,-,-,-,-,23,12,30 臺北市,2 技職
0144,國立臺灣戲曲學院,N 修,B 四技,39,19,20,-,-,5,4,4,7,10,8,-,-,-,-,-,-,-,1,30 臺北市,2 技職
0221,國立臺南護理專科學校,D 日,2 二專,110,2,108,1,62,1,46,-,-,-,-,-,-,-,-,-,-,-,-,21 臺南市,2 技職
0221,國立臺南護理專科學校,D 日,5 五專,"1,795",129,"1,666",30,331,29,332,22,342,22,331,25,314,-,-,-,-,1,16,21 臺南市,2 技職
0221,國立臺南護理專科學校,N 修,2 二專,53,4,49,1,22,3,24,-,-,-,-,-,-,-,-,-,-,-,3,21 臺南市,2 技職
0222,國立臺東專科學校,D 日,2 二專,581,438,143,214,88,211,51,-,-,-,-,-,-,-,-,-,-,13,4,14 臺東縣,2 技職
0222,國立臺東專科學校,D 日,5 五專,504,219,285,23,35,30,61,43,72,65,54,39,48,-,-,-,-,19,15,14 臺東縣,2 技職
0222,國立臺東專科學校,N 修,2 二專,89,53,36,36,19,15,11,-,-,-,-,-,-,-,-,-,-,2,6,14 臺東縣,2 技職
1001,東海大學,D 日,D 博士,243,147,96,37,18,22,14,18,12,23,12,16,14,15,7,16,19,-,-,19 臺中市,1 一般
1001,東海大學,D 日,M 碩士,"1,234",625,609,216,213,198,189,114,112,85,90,7,3,5,2,-,-,-,-,19 臺中市,1 一般
1001,東海大學,D 日,B 學士,"13,279","5,983","7,296","1,373","1,810","1,462","1,757","1,402","1,693","1,392","1,758",16,14,-,-,-,-,338,264,19 臺中市,1 一般
1001,東海大學,N 職,M 碩士,720,350,370,119,132,90,111,46,57,45,38,28,16,22,16,-,-,-,-,19 臺中市,1 一般
1001,東海大學,P 進,B 學士,604,323,281,71,60,54,54,57,53,44,60,64,41,-,-,-,-,33,13,19 臺中市,1 一般
1002,輔仁大學,D 日,D 博士,420,233,187,42,36,44,35,34,28,35,29,29,25,19,14,30,20,-,-,01 新北市,1 一般
1002,輔仁大學,D 日,M 碩士,"2,007",847,"1,160",307,373,275,350,162,237,100,185,2,8,1,7,-,-,-,-,01 新北市,1 一般
1002,輔仁大學,D 日,B 學士,"17,839","7,598","10,241","1,709","2,414","1,806","2,417","1,809","2,466","1,717","2,469",27,20,37,15,34,12,459,428,01 新北市,1 一般
1002,輔仁大學,N 職,M 碩士,"1,423",604,819,230,303,212,274,50,93,44,60,31,38,37,51,-,-,-,-,01 新北市,1 一般
1002,輔仁大學,N 修,C 二技,65,2,63,-,-,-,-,2,29,-,34,-,-,-,-,-,-,-,-,01 新北市,2 技職
1002,輔仁大學,P 進,B 學士,"4,422","1,698","2,724",418,639,375,576,396,623,332,638,-,-,-,-,-,-,177,248,01 新北市,1 一般
1003,東吳大學,D 日,D 博士,124,66,58,10,7,11,9,12,10,8,9,9,10,11,4,5,9,-,-,30 臺北市,1 一般
1003,東吳大學,D 日,M 碩士,"1,256",572,684,185,208,161,206,107,153,117,114,2,3,-,-,-,-,-,-,30 臺北市,1 一般
1003,東吳大學,D 日,B 學士,"12,012","4,742","7,270","1,110","1,621","1,061","1,672","1,091","1,724","1,080","1,753",120,148,-,-,-,-,280,352,30 臺北市,1 一般
1003,東吳大學,D 日,X 4+X,27,24,3,17,3,7,-,-,-,-,-,-,-,-,-,-,-,-,-,30 臺北市,1 一般
1003,東吳大學,N 職,M 碩士,"1,175",539,636,126,171,145,151,82,121,88,69,51,58,47,66,-,-,-,-,30 臺北市,1 一般
1003,東吳大學,P 進,B 學士,"1,071",356,715,98,137,75,131,63,148,59,167,43,100,-,-,-,-,18,32,30 臺北市,1 一般
1004,中原大學,D 日,D 博士,348,243,105,60,24,29,23,38,18,40,16,28,10,22,7,26,7,-,-,03 桃園市,1 一般
1004,中原大學,D 日,M 碩士,"1,611",973,638,408,258,382,222,110,90,72,67,-,1,-,-,1,-,-,-,03 桃園市,1 一般
1004,中原大學,D 日,B 學士,"13,360","7,270","6,090","1,651","1,467","1,715","1,399","1,637","1,452","1,697","1,424",72,96,-,-,-,-,498,252,03 桃園市,1 一般
1004,中原大學,D 日,X 4+X,1,1,-,-,-,-,-,-,-,-,-,-,-,-,-,-,-,1,-,03 桃園市,1 一般
1004,中原大學,N 職,M 碩士,869,542,327,173,143,173,109,80,29,55,23,23,15,38,8,-,-,-,-,03 桃園市,1 一般
1005,淡江大學,D 日,D 博士,428,283,145,43,36,52,17,44,23,44,12,32,18,36,23,32,16,-,-,01 新北市,1 一般
1005,淡江大學,D 日,M 碩士,"1,790","1,018",772,412,295,376,284,146,110,84,83,-,-,-,-,-,-,-,-,01 新北市,1 一般
1005,淡江大學,D 日,B 學士,"20,476","10,374","10,102","2,437","2,352","2,417","2,396","2,411","2,494","2,362","2,485",31,26,-,-,-,-,716,349,01 新北市,1 一般
1005,淡江大學,N 職,M 碩士,988,514,474,166,142,185,181,54,59,40,36,45,25,24,31,-,-,-,-,01 新北市,1 一般
1005,淡江大學,P 進,B 學士,"1,661",885,776,224,180,137,111,168,165,228,241,-,-,-,-,-,-,128,79,01 新北市,1 一般
1006,中國文化大學,D 日,D 博士,547,350,197,38,20,42,27,47,23,36,32,43,25,40,20,104,50,-,-,30 臺北市,1 一般
1006,中國文化大學,D 日,M 碩士,"1,673",895,778,238,256,179,181,160,127,141,99,100,72,77,43,-,-,-,-,30 臺北市,1 一般
1006,中國文化大學,D 日,B 學士,"20,749","9,846","10,903","2,324","2,578","2,254","2,372","2,265","2,537","2,094","2,635",26,27,-,-,-,-,883,754,30 臺北市,1 一般
1006,中國文化大學,N 職,M 碩士,560,215,345,74,140,53,101,28,37,23,31,21,25,16,11,-,-,-,-,30 臺北市,1 一般
1006,中國文化大學,N 修,C 二技,135,42,93,-,-,-,-,9,18,26,64,5,10,-,-,-,-,2,1,30 臺北市,2 技職
1006,中國文化大學,P 進,B 學士,"1,561",671,890,192,267,116,159,128,167,140,161,-,-,-,-,-,-,95,136,30 臺北市,1 一般
1007,逢甲大學,D 日,D 博士,420,315,105,57,20,61,22,60,17,55,20,29,14,28,5,25,7,-,-,19 臺中市,1 一般
1007,逢甲大學,D 日,M 碩士,"1,608","1,078",530,463,255,453,182,106,71,56,21,-,1,-,-,-,-,-,-,19 臺中市,1 一般
1007,逢甲大學,D 日,B 學士,"16,832","10,363","6,469","2,356","1,635","2,547","1,559","2,462","1,574","2,492","1,562",63,52,-,-,-,-,443,87,19 臺中市,1 一般
1007,逢甲大學,N 職,M 碩士,"1,080",661,419,246,168,229,175,85,41,59,27,42,8,-,-,-,-,-,-,19 臺中市,1 一般
1007,逢甲大學,P 進,B 學士,872,495,377,120,80,114,71,110,75,101,115,-,-,-,-,-,-,50,36,19 臺中市,1 一般
1008,靜宜大學,D 日,D 博士,46,24,22,3,8,3,3,6,4,3,3,3,2,1,-,5,2,-,-,06 臺中市,1 一般
1008,靜宜大學,D 日,M 碩士,530,192,338,75,157,51,94,39,58,25,25,2,2,-,1,-,1,-,-,06 臺中市,1 一般
1008,靜宜大學,D 日,B 學士,"11,205","4,315","6,890","1,009","1,593","1,016","1,649",991,"1,662",930,"1,668",-,-,-,-,-,-,369,318,06 臺中市,1 一般
1008,靜宜大學,N 職,M 碩士,323,127,196,38,66,37,64,11,27,21,14,7,15,13,10,-,-,-,-,06 臺中市,1 一般
1009,長庚大學,D 日,D 博士,497,334,163,41,27,52,22,50,27,47,23,48,19,32,13,64,32,-,-,03 桃園市,1 一般
1009,長庚大學,D 日,M 碩士,"1,096",556,540,215,204,189,163,111,91,33,60,5,11,3,11,-,-,-,-,03 桃園市,1 一般
1009,長庚大學,D 日,B 學士,"5,260","2,652","2,608",557,615,562,589,527,629,587,533,98,55,92,64,110,45,119,78,03 桃園市,1 一般
1009,長庚大學,N 職,M 碩士,199,96,103,35,37,30,34,6,2,9,19,7,9,9,2,-,-,-,-,03 桃園市,1 一般
1010,元智大學,D 日,D 博士,279,203,76,40,15,36,11,29,17,31,12,22,10,22,2,23,9,-,-,03 桃園市,1 一般
1010,元智大學,D 日,M 碩士,846,550,296,234,125,192,120,87,32,37,18,-,1,-,-,-,-,-,-,03 桃園市,1 一般
1010,元智大學,D 日,B 學士,"7,113","4,053","3,060",950,733,953,740,947,746,968,743,-,-,-,-,-,-,235,98,03 桃園市,1 一般
1010,元智大學,N 職,M 碩士,644,420,224,135,88,108,78,61,25,43,18,38,9,34,6,1,-,-,-,03 桃園市,1 一般
1011,中華大學,D 日,D 博士,88,62,26,8,9,9,4,7,5,12,2,12,3,5,1,9,2,-,-,18 新竹市,1 一般
1011,中華大學,D 日,M 碩士,516,283,233,148,163,76,44,33,15,25,10,1,1,-,-,-,-,-,-,18 新竹市,1 一般
1011,中華大學,D 日,B 學士,"5,020","3,121","1,899",767,452,502,304,649,418,902,618,21,20,-,-,-,-,280,87,18 新竹市,1 一般
1011,中華大學,N 職,M 碩士,211,111,100,50,73,32,19,18,6,11,1,-,1,-,-,-,-,-,-,18 新竹市,1 一般
1011,中華大學,N 修,C 二技,207,135,72,-,-,-,-,6,8,127,64,-,-,-,-,-,-,2,-,18 新竹市,2 技職
1011,中華大學,P 進,B 學士,225,145,80,57,33,14,4,30,17,29,18,-,-,-,-,-,-,15,8,18 新竹市,1 一般
1012,大葉大學,D 日,D 博士,134,102,32,21,8,25,6,13,8,16,5,11,-,10,1,6,4,-,-,07 彰化縣,1 一般
1012,大葉大學,D 日,M 碩士,670,369,301,168,175,116,80,60,26,24,19,1,1,-,-,-,-,-,-,07 彰化縣,1 一般
1012,大葉大學,D 日,B 學士,"8,019","4,191","3,828",892,882,916,732,"1,033",968,"1,117","1,119",-,-,-,-,-,-,233,127,07 彰化縣,1 一般
1012,大葉大學,N 職,M 碩士,384,172,212,127,160,20,35,11,11,7,3,2,3,5,-,-,-,-,-,07 彰化縣,1 一般
1012,大葉大學,N 修,C 二技,58,-,58,-,-,-,-,-,41,-,16,-,-,-,-,-,-,-,1,07 彰化縣,2 技職
1012,大葉大學,P 進,B 學士,"1,046",588,458,137,123,98,95,144,108,173,111,-,-,-,-,-,-,36,21,07 彰化縣,1 一般
1013,華梵大學,D 日,D 博士,61,39,22,9,4,9,3,2,5,5,4,8,3,5,3,1,-,-,-,01 新北市,1 一般
1013,華梵大學,D 日,M 碩士,213,114,99,26,24,40,24,24,25,24,26,-,-,-,-,-,-,-,-,01 新北市,1 一般
1013,華梵大學,D 日,B 學士,"1,447",788,659,166,139,104,93,163,158,264,235,-,-,-,-,-,-,91,34,01 新北市,1 一般
1013,華梵大學,N 職,M 碩士,150,44,106,25,64,8,12,-,9,6,6,2,8,3,7,-,-,-,-,01 新北市,1 一般
1014,義守大學,D 日,D 博士,147,113,34,16,6,27,10,19,5,13,6,22,3,9,-,7,4,-,-,12 高雄市,1 一般
1014,義守大學,D 日,M 碩士,402,249,153,92,62,79,49,47,35,31,7,-,-,-,-,-,-,-,-,12 高雄市,1 一般
1014,義守大學,D 日,B 學士,"12,546","6,278","6,268","1,469","1,609","1,425","1,465","1,454","1,415","1,490","1,543",23,28,-,-,-,-,417,208,12 高雄市,1 一般
1014,義守大學,N 職,M 碩士,473,339,134,119,57,149,51,46,13,10,4,10,7,5,2,-,-,-,-,12 高雄市,1 一般
1014,義守大學,N 修,C 二技,229,45,184,-,-,-,-,23,85,20,98,-,-,-,-,-,-,2,1,12 高雄市,2 技職
1014,義守大學,P 進,B 學士,"1,735","1,212",523,331,141,362,138,261,124,210,96,-,-,-,-,-,-,48,24,12 高雄市,1 一般
1015,世新大學,D 日,D 博士,97,45,52,10,11,10,8,6,8,7,7,3,6,4,5,5,7,-,-,30 臺北市,1 一般
1015,世新大學,D 日,M 碩士,612,294,318,91,116,93,113,49,41,61,48,-,-,-,-,-,-,-,-,30 臺北市,1 一般
1015,世新大學,D 日,B 學士,"9,671","3,409","6,262",823,"1,489",770,"1,515",832,"1,529",774,"1,540",-,-,-,-,-,-,210,189,30 臺北市,1 一般
1015,世新大學,N 職,M 碩士,785,422,363,119,132,88,84,67,44,55,40,48,30,45,33,-,-,-,-,30 臺北市,1 一般
1015,世新大學,N 修,C 二技,1,-,1,-,-,-,-,-,-,-,-,-,-,-,-,-,-,-,1,30 臺北市,2 技職
1015,世新大學,P 進,B 學士,424,163,261,63,91,38,48,29,53,24,52,-,-,-,-,-,-,9,17,30 臺北市,1 一般
1016,銘傳大學,D 日,D 博士,73,30,43,6,11,4,6,7,9,5,4,2,6,4,5,2,2,-,-,30 臺北市,1 一般
1016,銘傳大學,D 日,M 碩士,741,330,411,126,184,101,117,60,64,43,45,-,-,-,-,-,1,-,-,30 臺北市,1 一般
1016,銘傳大學,D 日,B 學士,"17,333","6,868","10,465","1,664","2,520","1,531","2,448","1,578","2,521","1,569","2,523",37,20,-,-,-,-,489,433,30 臺北市,1 一般
1016,銘傳大學,N 職,M 碩士,828,382,446,146,183,136,181,40,42,34,18,12,12,14,10,-,-,-,-,30 臺北市,1 一般
1017,實踐大學,D 日,D 博士,25,10,15,3,4,3,3,1,3,3,2,-,1,-,-,-,2,-,-,30 臺北市,1 一般
1017,實踐大學,D 日,M 碩士,380,161,219,64,79,41,62,36,50,20,28,-,-,-,-,-,-,-,-,30 臺北市,1 一般
1017,實踐大學,D 日,B 學士,"11,258","3,713","7,545",807,"1,903",813,"1,688",862,"1,846",954,"1,796",16,20,-,-,-,-,261,292,30 臺北市,1 一般
1017,實踐大學,N 職,M 碩士,144,56,88,16,30,21,32,7,11,6,9,6,6,-,-,-,-,-,-,30 臺北市,1 一般
1017,實踐大學,N 修,C 二技,128,21,107,-,-,-,-,10,50,8,45,-,-,-,-,-,-,3,12,30 臺北市,2 技職
1017,實踐大學,P 進,B 學士,"2,033",643,"1,390",168,291,131,295,145,353,154,352,-,-,-,-,-,-,45,99,30 臺北市,1 一般
1018,朝陽科技大學,D 日,D 博士,91,69,22,13,8,13,4,17,2,14,3,7,3,3,1,2,1,-,-,06 臺中市,2 技職
1018,朝陽科技大學,D 日,M 碩士,642,349,293,133,124,102,89,114,80,-,-,-,-,-,-,-,-,-,-,06 臺中市,2 技職
1018,朝陽科技大學,D 日,B 四技,"11,410","4,763","6,647","1,168","1,699","1,145","1,545","1,138","1,596","1,064","1,636",-,-,-,-,-,-,248,171,06 臺中市,2 技職
1018,朝陽科技大學,D 日,C 二技,51,20,31,-,-,-,-,8,17,9,11,-,-,-,-,-,-,3,3,06 臺中市,2 技職
1018,朝陽科技大學,N 職,M 碩士,404,212,192,76,58,69,38,67,96,-,-,-,-,-,-,-,-,-,-,06 臺中市,2 技職
1018,朝陽科技大學,N 修,B 四技,"3,014","1,573","1,441",470,394,322,322,367,325,329,336,-,-,-,-,-,-,85,64,06 臺中市,2 技職
1019,高雄醫學大學,D 日,D 博士,305,161,144,25,31,29,29,32,30,26,16,19,13,15,15,15,10,-,-,50 高雄市,1 一般
1019,高雄醫學大學,D 日,M 碩士,681,231,450,93,183,95,173,33,76,10,18,-,-,-,-,-,-,-,-,50 高雄市,1 一般
1019,高雄醫學大學,D 日,B 學士,"5,546","2,445","3,101",481,738,498,680,481,706,471,692,183,110,166,84,100,46,65,45,50 高雄市,1 一般
1019,高雄醫學大學,N 職,M 碩士,230,85,145,26,64,28,58,13,18,10,4,8,1,-,-,-,-,-,-,50 高雄市,1 一般
1019,高雄醫學大學,N 修,C 二技,40,-,40,-,-,-,-,-,13,-,12,-,15,-,-,-,-,-,-,50 高雄市,2 技職
1020,南華大學,D 日,D 博士,48,27,21,11,9,3,6,4,1,4,2,-,-,1,2,4,1,-,-,10 嘉義縣,1 一般
1020,南華大學,D 日,M 碩士,644,271,373,135,207,79,85,30,39,26,40,1,2,-,-,-,-,-,-,10 嘉義縣,1 一般
1020,南華大學,D 日,B 學士,"4,489","2,160","2,329",647,701,453,550,425,465,471,553,-,-,-,-,-,-,164,60,10 嘉義縣,1 一般
1020,南華大學,N 職,M 碩士,392,159,233,68,98,50,57,18,35,9,19,14,24,-,-,-,-,-,-,10 嘉義縣,1 一般
1020,南華大學,P 進,B 學士,325,186,139,57,41,41,33,35,31,40,32,-,-,-,-,-,-,13,2,10 嘉義縣,1 一般
1021,真理大學,D 日,M 碩士,135,84,51,37,14,23,15,16,10,8,12,-,-,-,-,-,-,-,-,01 新北市,1 一般
1021,真理大學,D 日,B 學士,"5,830","2,834","2,996",676,846,570,511,616,687,733,840,-,-,-,-,-,-,239,112,01 新北市,1 一般
1021,真理大學,N 職,M 碩士,21,10,11,6,4,3,4,1,2,-,1,-,-,-,-,-,-,-,-,01 新北市,1 一般
1021,真理大學,P 進,B 學士,218,123,95,24,27,21,12,23,15,39,28,-,-,-,-,-,-,16,13,01 新北市,1 一般
1022,大同大學,D 日,D 博士,116,66,50,11,13,12,5,9,7,8,5,7,6,9,7,10,7,-,-,30 臺北市,1 一般
1022,大同大學,D 日,M 碩士,353,264,89,106,35,100,39,38,10,20,5,-,-,-,-,-,-,-,-,30 臺北市,1 一般
1022,大同大學,D 日,B 學士,"3,689","2,226","1,463",535,353,494,372,504,366,534,329,-,-,-,-,-,-,159,43,30 臺北市,1 一般
1022,大同大學,N 職,M 碩士,232,178,54,39,18,37,14,40,11,41,6,21,5,-,-,-,-,-,-,30 臺北市,1 一般
1023,南臺科技大學,D 日,D 博士,99,83,16,21,7,19,4,14,1,6,2,12,1,3,-,8,1,-,-,11 臺南市,2 技職
1023,南臺科技大學,D 日,M 碩士,830,474,356,191,132,168,113,74,65,32,34,8,12,1,-,-,-,-,-,11 臺南市,2 技職
1023,南臺科技大學,D 日,B 四技,"12,723","7,125","5,598","1,715","1,369","1,742","1,349","1,665","1,328","1,681","1,381",-,-,-,-,-,-,322,171,11 臺南市,2 技職
1023,南臺科技大學,D 日,C 二技,169,53,116,-,-,-,-,33,50,16,62,-,-,-,-,-,-,4,4,11 臺南市,2 技職
1023,南臺科技大學,D 日,5 五專,66,61,5,61,5,-,-,-,-,-,-,-,-,-,-,-,-,-,-,11 臺南市,2 技職
1023,南臺科技大學,N 職,M 碩士,390,192,198,66,88,60,73,24,12,24,13,7,7,11,5,-,-,-,-,11 臺南市,2 技職
1023,南臺科技大學,N 修,B 四技,"4,201","2,591","1,610",728,416,570,346,604,346,487,382,-,-,-,-,-,-,202,120,11 臺南市,2 技職
1023,南臺科技大學,N 修,C 二技,144,74,70,-,-,-,-,45,29,23,36,-,-,-,-,-,-,6,5,11 臺南市,2 技職
1024,崑山科技大學,D 日,D 博士,36,27,9,6,1,7,3,5,1,2,4,3,-,3,-,1,-,-,-,11 臺南市,2 技職
1024,崑山科技大學,D 日,M 碩士,353,230,123,95,52,105,55,19,13,11,3,-,-,-,-,-,-,-,-,11 臺南市,2 技職
1024,崑山科技大學,D 日,B 四技,"7,793","4,612","3,181","1,152",848,"1,046",730,"1,057",702,"1,102",747,-,-,-,-,-,-,255,154,11 臺南市,2 技職
1024,崑山科技大學,D 日,C 二技,2,1,1,-,-,-,-,-,1,-,-,-,-,-,-,-,-,1,-,11 臺南市,2 技職
1024,崑山科技大學,N 職,M 碩士,170,121,49,48,23,56,17,6,7,11,2,-,-,-,-,-,-,-,-,11 臺南市,2 技職
1024,崑山科技大學,N 修,B 四技,"3,124","2,112","1,012",562,224,420,230,455,243,537,257,-,-,-,-,-,-,138,58,11 臺南市,2 技職
1024,崑山科技大學,N 修,C 二技,199,133,66,-,-,-,-,71,31,58,34,-,-,-,-,-,-,4,1,11 臺南市,2 技職
1025,嘉南藥理大學,D 日,M 碩士,207,94,113,45,56,33,48,11,6,5,3,-,-,-,-,-,-,-,-,11 臺南市,2 技職
1025,嘉南藥理大學,D 日,B 四技,"10,974","4,599","6,375",898,"1,439","1,151","1,429","1,145","1,593","1,238","1,806",3,5,-,-,-,-,164,103,11 臺南市,2 技職
1025,嘉南藥理大學,D 日,C 二技,141,23,118,-,-,-,-,7,47,16,70,-,-,-,-,-,-,-,1,11 臺南市,2 技職
1025,嘉南藥理大學,N 職,M 碩士,238,99,139,44,70,44,45,11,19,-,4,-,-,-,1,-,-,-,-,11 臺南市,2 技職
1025,嘉南藥理大學,N 修,B 四技,"2,421","1,168","1,253",369,397,227,245,187,229,309,319,-,-,-,-,-,-,76,63,11 臺南市,2 技職
1025,嘉南藥理大學,N 修,C 二技,359,85,274,-,-,-,-,37,115,47,158,-,-,-,-,-,-,1,1,11 臺南市,2 技職
1025,嘉南藥理大學,N 修,X 4+X,7,7,-,-,-,7,-,-,-,-,-,-,-,-,-,-,-,-,-,11 臺南市,2 技職
1026,樹德科技大學,D 日,D 博士,35,17,18,7,1,-,2,-,6,2,3,8,6,-,-,-,-,-,-,12 高雄市,2 技職
1026,樹德科技大學,D 日,M 碩士,249,130,119,67,49,39,23,15,22,9,25,-,-,-,-,-,-,-,-,12 高雄市,2 技職
1026,樹德科技大學,D 日,B 四技,"7,861","3,328","4,533",865,"1,166",722,"1,048",771,"1,051",798,"1,122",-,-,-,-,-,-,172,146,12 高雄市,2 技職
1026,樹德科技大學,D 日,C 二技,20,4,16,-,-,-,-,1,11,3,5,-,-,-,-,-,-,-,-,12 高雄市,2 技職
1026,樹德科技大學,N 職,M 碩士,438,190,248,75,119,63,71,20,22,32,36,-,-,-,-,-,-,-,-,12 高雄市,2 技職
1026,樹德科技大學,N 修,B 四技,"1,501",800,701,319,260,158,121,122,128,146,166,-,-,-,-,-,-,55,26,12 高雄市,2 技職
1026,樹德科技大學,N 修,C 二技,522,177,345,-,-,-,-,82,167,89,174,-,-,-,-,-,-,6,4,12 高雄市,2 技職
1027,慈濟大學,D 日,D 博士,101,53,48,5,6,10,4,11,10,11,11,7,9,5,5,4,3,-,-,15 花蓮縣,1 一般
1027,慈濟大學,D 日,M 碩士,336,121,215,46,68,39,73,19,40,17,34,-,-,-,-,-,-,-,-,15 花蓮縣,1 一般
1027,慈濟大學,D 日,B 學士,"2,968","1,148","1,820",264,435,223,430,235,391,264,393,48,51,31,25,23,34,60,61,15 花蓮縣,1 一般
1027,慈濟大學,N 職,M 碩士,43,7,36,5,10,1,14,-,3,-,7,1,2,-,-,-,-,-,-,15 花蓮縣,1 一般
1028,臺北醫學大學,D 日,D 博士,489,275,214,66,56,47,36,59,36,30,27,25,24,19,25,29,10,-,-,30 臺北市,1 一般
1028,臺北醫學大學,D 日,M 碩士,621,222,399,105,160,87,158,17,52,13,29,-,-,-,-,-,-,-,-,30 臺北市,1 一般
1028,臺北醫學大學,D 日,B 學士,"4,733","1,986","2,747",357,575,387,574,380,593,396,609,170,134,158,118,93,69,45,75,30 臺北市,1 一般
1028,臺北醫學大學,D 日,X 4+X,29,14,15,13,14,-,-,-,-,-,-,-,-,-,-,-,-,1,1,30 臺北市,1 一般
1028,臺北醫學大學,N 職,M 碩士,267,65,202,28,64,24,63,9,34,4,41,-,-,-,-,-,-,-,-,30 臺北市,1 一般
1028,臺北醫學大學,N 修,C 二技,1,-,1,-,-,-,-,-,-,-,-,-,-,-,-,-,-,-,1,30 臺北市,2 技職
1029,中山醫學大學,D 日,D 博士,207,138,69,20,13,26,15,26,12,20,13,18,7,13,5,15,4,-,-,19 臺中市,1 一般
1029,中山醫學大學,D 日,M 碩士,476,142,334,61,135,52,124,16,46,13,29,-,-,-,-,-,-,-,-,19 臺中市,1 一般
1029,中山醫學大學,D 日,B 學士,"6,099","2,355","3,744",461,875,422,865,480,894,523,860,155,70,142,72,103,39,69,69,19 臺中市,1 一般
1029,中山醫學大學,N 職,M 碩士,194,47,147,23,63,14,44,8,31,-,7,2,2,-,-,-,-,-,-,19 臺中市,1 一般
1029,中山醫學大學,N 修,C 二技,113,39,74,-,-,-,-,11,27,10,27,17,16,-,-,-,-,1,4,19 臺中市,2 技職
1029,中山醫學大學,P 進,B 學士,7,3,4,-,-,-,-,-,-,-,1,-,-,-,-,-,-,3,3,19 臺中市,1 一般
1030,龍華科技大學,D 日,M 碩士,288,208,80,81,27,60,27,46,16,21,10,-,-,-,-,-,-,-,-,03 桃園市,2 技職
1030,龍華科技大學,D 日,B 四技,"6,779","4,401","2,378","1,125",615,"1,126",559,"1,000",530,923,568,-,-,-,-,-,-,227,106,03 桃園市,2 技職
1030,龍華科技大學,D 日,C 二技,8,2,6,-,-,-,-,-,2,2,4,-,-,-,-,-,-,-,-,03 桃園市,2 技職
1030,龍華科技大學,D 日,5 五專,246,209,37,125,17,21,4,35,12,28,4,-,-,-,-,-,-,-,-,03 桃園市,2 技職
1030,龍華科技大學,N 職,M 碩士,170,109,61,30,16,54,37,21,8,4,-,-,-,-,-,-,-,-,-,03 桃園市,2 技職
1030,龍華科技大學,N 修,B 四技,"3,734","2,772",962,842,262,572,196,593,212,613,239,-,-,-,-,-,-,152,53,03 桃園市,2 技職
1030,龍華科技大學,N 修,C 二技,4,1,3,-,-,-,-,-,-,-,-,-,-,-,-,-,-,1,3,03 桃園市,2 技職
1031,輔英科技大學,D 日,M 碩士,132,43,89,22,36,14,34,4,10,2,8,1,1,-,-,-,-,-,-,12 高雄市,2 技職
1031,輔英科技大學,D 日,B 四技,"3,715","1,551","2,164",416,576,337,507,360,506,360,516,-,-,-,-,-,-,78,59,12 高雄市,2 技職
1031,輔英科技大學,D 日,C 二技,"1,527",164,"1,363",-,-,-,-,77,705,83,639,-,-,-,-,-,-,4,19,12 高雄市,2 技職
1031,輔英科技大學,D 日,X 4+X,7,-,7,-,-,-,7,-,-,-,-,-,-,-,-,-,-,-,-,12 高雄市,2 技職
1031,輔英科技大學,D 日,5 五專,"2,693",284,"2,409",69,498,55,480,46,468,52,441,51,495,-,-,-,-,11,27,12 高雄市,2 技職
1031,輔英科技大學,N 職,M 碩士,111,10,101,5,44,3,40,1,9,-,4,1,4,-,-,-,-,-,-,12 高雄市,2 技職
1031,輔英科技大學,N 修,B 四技,560,374,186,134,74,106,30,51,35,56,38,-,-,-,-,-,-,27,9,12 高雄市,2 技職
1031,輔英科技大學,N 修,C 二技,656,141,515,-,-,-,-,56,248,60,227,17,17,-,-,-,-,8,23,12 高雄市,2 技職
1032,明新科技大學,D 日,M 碩士,267,179,88,59,33,64,24,41,23,15,8,-,-,-,-,-,-,-,-,04 新竹縣,2 技職
1032,明新科技大學,D 日,B 四技,"8,340","5,152","3,188","1,372",859,"1,234",748,"1,151",687,"1,137",801,-,-,-,-,-,-,258,93,04 新竹縣,2 技職
1032,明新科技大學,D 日,2 二專,8,7,1,7,1,-,-,-,-,-,-,-,-,-,-,-,-,-,-,04 新竹縣,2 技職
1032,明新科技大學,N 職,M 碩士,330,257,73,107,48,63,15,39,8,26,1,11,1,11,-,-,-,-,-,04 新竹縣,2 技職
1032,明新科技大學,N 修,B 四技,"3,294","2,038","1,256",530,306,427,248,395,281,459,331,-,-,-,-,-,-,227,90,04 新竹縣,2 技職
1032,明新科技大學,N 修,C 二技,110,61,49,-,-,-,-,52,34,8,11,-,-,-,-,-,-,1,4,04 新竹縣,2 技職
1032,明新科技大學,N 修,2 二專,43,23,20,17,12,4,7,-,-,-,-,-,-,-,-,-,-,2,1,04 新竹縣,2 技職
1033,長榮大學,D 日,D 博士,37,26,11,5,3,7,1,5,1,4,2,2,1,2,2,1,1,-,-,11 臺南市,1 一般
1033,長榮大學,D 日,M 碩士,379,149,230,57,83,42,56,26,43,24,45,-,3,-,-,-,-,-,-,11 臺南市,1 一般
1033,長榮大學,D 日,B 學士,"8,210","3,594","4,616",766,"1,206",781,958,791,"1,113","1,014","1,204",-,-,-,-,-,-,242,135,11 臺南市,1 一般
1033,長榮大學,N 職,M 碩士,94,39,55,15,20,10,14,6,5,3,8,5,8,-,-,-,-,-,-,11 臺南市,1 一般
1033,長榮大學,P 進,B 學士,539,314,225,142,125,56,17,57,40,39,37,-,-,-,-,-,-,20,6,11 臺南市,1 一般
1034,弘光科技大學,D 日,D 博士,10,1,9,-,3,1,3,-,3,-,-,-,-,-,-,-,-,-,-,06 臺中市,2 技職
1034,弘光科技大學,D 日,M 碩士,194,55,139,21,48,27,51,7,27,-,13,-,-,-,-,-,-,-,-,06 臺中市,2 技職
1034,弘光科技大學,D 日,B 四技,"7,363","2,726","4,637",655,"1,171",641,"1,137",651,"1,153",646,"1,049",-,-,-,-,-,-,133,127,06 臺中市,2 技職
1034,弘光科技大學,D 日,C 二技,704,26,678,-,-,-,-,14,342,12,335,-,-,-,-,-,-,-,1,06 臺中市,2 技職
1034,弘光科技大學,D 日,5 五專,265,23,242,10,44,3,49,3,49,4,47,2,50,-,-,-,-,1,3,06 臺中市,2 技職
1034,弘光科技大學,N 職,M 碩士,98,24,74,12,23,6,19,5,18,1,14,-,-,-,-,-,-,-,-,06 臺中市,2 技職
1034,弘光科技大學,N 修,B 四技,"3,317","1,460","1,857",398,505,343,406,321,415,284,407,13,23,-,-,-,-,101,101,06 臺中市,2 技職
1034,弘光科技大學,N 修,C 二技,860,48,812,-,-,-,-,23,326,14,275,10,203,-,-,-,-,1,8,06 臺中市,2 技職
1034,弘光科技大學,N 修,2 二專,160,28,132,19,66,9,62,-,-,-,-,-,-,-,-,-,-,-,4,06 臺中市,2 技職
1035,中國醫藥大學,D 日,D 博士,385,227,158,51,35,45,28,46,29,25,26,24,16,24,14,12,10,-,-,19 臺中市,1 一般
1035,中國醫藥大學,D 日,M 碩士,508,203,305,95,138,83,124,21,35,4,8,-,-,-,-,-,-,-,-,19 臺中市,1 一般
1035,中國醫藥大學,D 日,B 學士,"6,420","2,866","3,554",515,725,519,736,550,740,528,716,342,306,171,140,172,126,69,65,19 臺中市,1 一般
1035,中國醫藥大學,N 職,M 碩士,74,27,47,14,28,11,14,2,4,-,1,-,-,-,-,-,-,-,-,19 臺中市,1 一般
1035,中國醫藥大學,N 修,C 二技,38,5,33,-,-,-,-,-,-,1,8,4,25,-,-,-,-,-,-,19 臺中市,2 技職
1036,健行科技大學,D 日,M 碩士,296,207,89,123,56,39,18,15,11,30,4,-,-,-,-,-,-,-,-,03 桃園市,2 技職
1036,健行科技大學,D 日,B 四技,"7,159","4,676","2,483","1,470",704,"1,031",547,881,523,"1,028",619,-,-,-,-,-,-,266,90,03 桃園市,2 技職
1036,健行科技大學,D 日,C 二技,69,27,42,-,-,-,-,7,15,16,26,-,-,-,-,-,-,4,1,03 桃園市,2 技職
1036,健行科技大學,D 日,5 五專,26,25,1,-,-,-,-,-,-,25,1,-,-,-,-,-,-,-,-,03 桃園市,2 技職
1036,健行科技大學,N 職,M 碩士,55,34,21,23,17,2,1,7,3,1,-,1,-,-,-,-,-,-,-,03 桃園市,2 技職
1036,健行科技大學,N 修,B 四技,"3,598","2,343","1,255",730,398,646,316,436,210,425,285,-,-,-,-,-,-,106,46,03 桃園市,2 技職
1036,健行科技大學,N 修,C 二技,130,56,74,-,-,-,-,36,39,18,33,-,-,-,-,-,-,2,2,03 桃園市,2 技職
1037,正修科技大學,D 日,D 博士,12,12,-,3,-,2,-,2,-,3,-,1,-,-,-,1,-,-,-,12 高雄市,2 技職
1037,正修科技大學,D 日,M 碩士,349,204,145,86,72,89,57,22,10,7,6,-,-,-,-,-,-,-,-,12 高雄市,2 技職
1037,正修科技大學,D 日,B 四技,"8,959","5,200","3,759","1,431",962,"1,194",898,"1,173",882,"1,200",954,-,-,-,-,-,-,202,63,12 高雄市,2 技職
1037,正修科技大學,D 日,5 五專,66,51,15,51,15,-,-,-,-,-,-,-,-,-,-,-,-,-,-,12 高雄市,2 技職
1037,正修科技大學,N 職,M 碩士,210,131,79,74,43,51,33,6,3,-,-,-,-,-,-,-,-,-,-,12 高雄市,2 技職
1037,正修科技大學,N 修,B 四技,"5,322","3,405","1,917",958,509,692,422,726,420,761,459,-,-,-,-,-,-,268,107,12 高雄市,2 技職
1037,正修科技大學,N 修,C 二技,"1,707",841,866,-,-,-,-,549,484,285,370,-,-,-,-,-,-,7,12,12 高雄市,2 技職
1037,正修科技大學,N 修,2 二專,314,239,75,139,46,100,29,-,-,-,-,-,-,-,-,-,-,-,-,12 高雄市,2 技職
1038,萬能科技大學,D 日,M 碩士,144,72,72,30,26,25,31,10,9,7,6,-,-,-,-,-,-,-,-,03 桃園市,2 技職
1038,萬能科技大學,D 日,B 四技,"6,270","3,360","2,910","1,000",842,820,664,689,658,678,673,-,-,-,-,-,-,173,73,03 桃園市,2 技職
1038,萬能科技大學,N 職,M 碩士,121,49,72,29,63,18,8,-,1,2,-,-,-,-,-,-,-,-,-,03 桃園市,2 技職
1038,萬能科技大學,N 修,B 四技,"3,360","1,852","1,508",578,426,479,361,458,410,284,279,-,-,-,-,-,-,53,32,03 桃園市,2 技職
1038,萬能科技大學,N 修,C 二技,485,248,237,-,-,-,-,206,176,39,54,-,-,-,-,-,-,3,7,03 桃園市,2 技職
1039,玄奘大學,D 日,D 博士,5,3,2,-,-,-,-,-,-,-,-,-,-,-,2,3,-,-,-,18 新竹市,1 一般
1039,玄奘大學,D 日,M 碩士,290,116,174,36,66,33,38,26,40,21,30,-,-,-,-,-,-,-,-,18 新竹市,1 一般
1039,玄奘大學,D 日,B 學士,"2,859","1,186","1,673",194,334,251,334,252,404,370,539,-,-,-,-,-,-,119,62,18 新竹市,1 一般
1039,玄奘大學,N 職,M 碩士,172,62,110,13,27,21,33,15,24,6,18,7,8,-,-,-,-,-,-,18 新竹市,1 一般
1039,玄奘大學,P 進,B 學士,348,141,207,37,53,13,24,27,42,39,65,-,-,-,-,-,-,25,23,18 新竹市,1 一般
1040,建國科技大學,D 日,M 碩士,168,94,74,42,39,35,22,10,6,7,7,-,-,-,-,-,-,-,-,07 彰化縣,2 技職
1040,建國科技大學,D 日,B 四技,"5,204","3,378","1,826",985,473,641,381,734,383,890,528,-,-,-,-,-,-,128,61,07 彰化縣,2 技職
1040,建國科技大學,D 日,C 二技,1,1,-,-,-,-,-,1,-,-,-,-,-,-,-,-,-,-,-,07 彰化縣,2 技職
1040,建國科技大學,N 修,B 四技,"1,931","1,426",505,450,165,376,113,339,122,221,96,-,-,-,-,-,-,40,9,07 彰化縣,2 技職
1040,建國科技大學,N 修,C 二技,241,171,70,-,-,-,-,92,36,78,32,-,-,-,-,-,-,1,2,07 彰化縣,2 技職
1041,明志科技大學,D 日,D 博士,14,12,2,8,1,3,1,1,-,-,-,-,-,-,-,-,-,-,-,01 新北市,2 技職
1041,明志科技大學,D 日,M 碩士,439,314,125,137,58,120,52,34,10,23,4,-,-,-,1,-,-,-,-,01 新北市,2 技職
1041,明志科技大學,D 日,B 四技,"3,587","2,580","1,007",658,241,622,247,592,246,602,259,-,-,-,-,-,-,106,14,01 新北市,2 技職
1041,明志科技大學,N 職,M 碩士,35,27,8,8,6,6,1,8,1,3,-,2,-,-,-,-,-,-,-,01 新北市,2 技職
1041,明志科技大學,N 修,B 四技,483,394,89,130,5,113,16,73,34,49,29,-,-,-,-,-,-,29,5,01 新北市,2 技職
1041,明志科技大學,N 修,C 二技,1,-,1,-,-,-,-,-,-,-,1,-,-,-,-,-,-,-,-,01 新北市,2 技職
1042,高苑科技大學,D 日,M 碩士,98,74,24,25,12,30,8,14,2,5,2,-,-,-,-,-,-,-,-,12 高雄市,2 技職
1042,高苑科技大學,D 日,B 四技,"3,067","2,257",810,626,202,306,107,492,171,715,294,-,-,-,-,-,-,118,36,12 高雄市,2 技職
1042,高苑科技大學,N 職,M 碩士,180,124,56,69,35,38,16,14,4,3,-,-,1,-,-,-,-,-,-,12 高雄市,2 技職
1042,高苑科技大學,N 修,B 四技,"1,347",986,361,192,60,225,58,255,90,255,136,-,-,-,-,-,-,59,17,12 高雄市,2 技職
1043,大仁科技大學,D 日,M 碩士,66,36,30,28,20,4,8,4,2,-,-,-,-,-,-,-,-,-,-,13 屏東縣,2 技職
1043,大仁科技大學,D 日,B 四技,"4,237","2,000","2,237",456,488,414,462,423,494,525,615,83,121,-,-,-,-,99,57,13 屏東縣,2 技職
1043,大仁科技大學,D 日,C 二技,1,-,1,-,-,-,-,-,-,-,-,-,-,-,-,-,-,-,1,13 屏東縣,2 技職
1043,大仁科技大學,N 職,M 碩士,130,60,70,45,56,13,13,1,1,1,-,-,-,-,-,-,-,-,-,13 屏東縣,2 技職
1043,大仁科技大學,N 修,B 四技,543,315,228,71,38,65,53,73,65,86,63,-,-,-,-,-,-,20,9,13 屏東縣,2 技職
1043,大仁科技大學,N 修,C 二技,"1,283",373,910,-,-,-,-,231,605,136,277,-,-,-,-,-,-,6,28,13 屏東縣,2 技職
1044,聖約翰科技大學,D 日,M 碩士,139,116,23,33,11,44,11,20,1,19,-,-,-,-,-,-,-,-,-,01 新北市,2 技職
1044,聖約翰科技大學,D 日,B 四技,"2,979","2,038",941,413,195,353,200,519,203,608,290,-,-,-,-,-,-,145,53,01 新北市,2 技職
1044,聖約翰科技大學,D 日,C 二技,1,-,1,-,-,-,-,-,-,-,1,-,-,-,-,-,-,-,-,01 新北市,2 技職
1044,聖約翰科技大學,D 日,5 五專,327,246,81,53,13,60,16,71,26,62,26,-,-,-,-,-,-,-,-,01 新北市,2 技職
1044,聖約翰科技大學,N 職,M 碩士,76,57,19,37,13,16,5,1,-,3,1,-,-,-,-,-,-,-,-,01 新北市,2 技職
1044,聖約翰科技大學,N 修,B 四技,285,203,82,147,49,5,3,26,11,14,16,-,-,-,-,-,-,11,3,01 新北市,2 技職
1045,嶺東科技大學,D 日,M 碩士,231,108,123,57,58,35,38,14,19,2,8,-,-,-,-,-,-,-,-,19 臺中市,2 技職
1045,嶺東科技大學,D 日,B 四技,"7,276","2,793","4,483",669,"1,164",650,"1,153",695,"1,053",660,"1,039",-,-,-,-,-,-,119,74,19 臺中市,2 技職
1045,嶺東科技大學,D 日,C 二技,4,4,-,-,-,-,-,2,-,1,-,-,-,-,-,-,-,1,-,19 臺中市,2 技職
1045,嶺東科技大學,N 職,M 碩士,146,98,48,58,29,37,18,1,1,2,-,-,-,-,-,-,-,-,-,19 臺中市,2 技職
1045,嶺東科技大學,N 修,B 四技,"2,679","1,386","1,293",430,373,314,273,278,306,266,288,-,-,-,-,-,-,98,53,19 臺中市,2 技職
1046,中國科技大學,D 日,M 碩士,156,92,64,37,28,32,30,15,3,8,3,-,-,-,-,-,-,-,-,30 臺北市,2 技職
1046,中國科技大學,D 日,B 四技,"7,977","3,490","4,487",776,965,792,941,857,"1,171",876,"1,268",-,-,-,-,-,-,189,142,30 臺北市,2 技職
1046,中國科技大學,N 職,M 碩士,76,58,18,34,8,20,8,4,2,-,-,-,-,-,-,-,-,-,-,30 臺北市,2 技職
1046,中國科技大學,N 修,B 四技,"1,624",880,744,184,129,184,116,207,193,241,233,-,-,-,-,-,-,64,73,30 臺北市,2 技職
1046,中國科技大學,N 修,C 二技,54,46,8,-,-,-,-,46,8,-,-,-,-,-,-,-,-,-,-,30 臺北市,2 技職
1046,中國科技大學,N 修,X 4+X,61,22,39,13,30,8,7,-,-,-,-,-,-,-,-,-,-,1,2,30 臺北市,2 技職
1046,中國科技大學,N 修,2 二專,24,23,1,23,1,-,-,-,-,-,-,-,-,-,-,-,-,-,-,30 臺北市,2 技職
1047,中臺科技大學,D 日,D 博士,17,14,3,2,1,3,1,4,-,2,-,1,1,2,-,-,-,-,-,19 臺中市,2 技職
1047,中臺科技大學,D 日,M 碩士,110,35,75,12,28,13,29,9,10,1,4,-,4,-,-,-,-,-,-,19 臺中市,2 技職
1047,中臺科技大學,D 日,B 四技,"5,144","2,081","3,063",508,778,451,692,508,700,486,760,-,-,-,-,-,-,128,133,19 臺中市,2 技職
1047,中臺科技大學,D 日,C 二技,466,74,392,-,-,-,-,37,188,36,191,-,-,-,-,-,-,1,13,19 臺中市,2 技職
1047,中臺科技大學,D 日,2 二專,27,13,14,13,14,-,-,-,-,-,-,-,-,-,-,-,-,-,-,19 臺中市,2 技職
1047,中臺科技大學,N 職,M 碩士,304,62,242,29,86,24,79,4,42,5,35,-,-,-,-,-,-,-,-,19 臺中市,2 技職
1047,中臺科技大學,N 修,B 四技,"1,639",587,"1,052",173,281,124,221,123,249,115,186,14,55,-,-,-,-,38,60,19 臺中市,2 技職
1047,中臺科技大學,N 修,C 二技,978,124,854,-,-,-,-,38,312,36,253,47,281,-,-,-,-,3,8,19 臺中市,2 技職
1048,亞洲大學,D 日,D 博士,211,132,79,39,24,22,15,26,9,16,12,14,9,10,5,5,5,-,-,06 臺中市,1 一般
1048,亞洲大學,D 日,M 碩士,581,252,329,109,153,76,95,41,40,26,40,-,1,-,-,-,-,-,-,06 臺中市,1 一般
1048,亞洲大學,D 日,B 學士,"9,616","3,524","6,092",825,"1,509",804,"1,479",850,"1,477",847,"1,490",-,-,-,-,-,-,198,137,06 臺中市,1 一般
1048,亞洲大學,N 職,M 碩士,401,190,211,120,140,61,60,6,7,3,4,-,-,-,-,-,-,-,-,06 臺中市,1 一般
1048,亞洲大學,P 進,B 學士,970,446,524,118,169,72,70,87,133,95,118,-,-,-,-,-,-,74,34,06 臺中市,1 一般
1049,開南大學,D 日,M 碩士,240,122,118,46,60,34,22,19,21,21,15,1,-,1,-,-,-,-,-,03 桃園市,1 一般
1049,開南大學,D 日,B 學士,"5,119","2,508","2,611",583,550,499,495,498,600,698,806,-,-,-,-,-,-,230,160,03 桃園市,1 一般
1049,開南大學,N 職,M 碩士,315,183,132,78,93,58,17,20,7,9,9,10,5,8,1,-,-,-,-,03 桃園市,1 一般
1049,開南大學,P 進,B 學士,991,581,410,168,81,102,87,117,116,136,104,-,-,-,-,-,-,58,22,03 桃園市,1 一般
1050,佛光大學,D 日,D 博士,59,24,35,3,8,3,7,3,6,6,5,6,3,2,3,1,3,-,-,02 宜蘭縣,1 一般
1050,佛光大學,D 日,M 碩士,492,213,279,83,93,53,68,38,56,38,57,-,5,1,-,-,-,-,-,02 宜蘭縣,1 一般
1050,佛光大學,D 日,B 學士,"2,970","1,380","1,590",320,425,322,348,334,374,331,377,-,-,-,-,-,-,73,66,02 宜蘭縣,1 一般
1050,佛光大學,N 職,M 碩士,175,90,85,29,53,26,19,15,5,11,5,9,3,-,-,-,-,-,-,02 宜蘭縣,1 一般
1051,台南應用科技大學,D 日,M 碩士,113,28,85,12,31,6,30,4,12,6,12,-,-,-,-,-,-,-,-,11 臺南市,2 技職
1051,台南應用科技大學,D 日,B 四技,"8,040","2,324","5,716",568,"1,453",581,"1,440",577,"1,340",527,"1,388",-,-,-,-,-,-,71,95,11 臺南市,2 技職
1051,台南應用科技大學,D 日,C 二技,573,130,443,-,-,-,-,58,222,60,199,-,-,-,-,-,-,12,22,11 臺南市,2 技職
1051,台南應用科技大學,D 日,5 五專,"1,115",227,888,50,152,50,185,47,199,45,180,35,172,-,-,-,-,-,-,11 臺南市,2 技職
1051,台南應用科技大學,N 職,M 碩士,109,37,72,14,26,17,19,1,14,5,10,-,3,-,-,-,-,-,-,11 臺南市,2 技職
1051,台南應用科技大學,N 修,B 四技,"2,516",912,"1,604",354,531,178,324,182,344,151,340,-,-,-,-,-,-,47,65,11 臺南市,2 技職
1051,台南應用科技大學,N 修,C 二技,265,34,231,-,-,-,-,16,105,17,121,-,-,-,-,-,-,1,5,11 臺南市,2 技職
1052,遠東科技大學,D 日,M 碩士,217,120,97,47,56,50,38,17,1,6,2,-,-,-,-,-,-,-,-,11 臺南市,2 技職
1052,遠東科技大學,D 日,B 四技,"4,552","2,920","1,632",690,385,632,297,611,340,812,536,-,-,-,-,-,-,175,74,11 臺南市,2 技職
1052,遠東科技大學,N 職,M 碩士,33,31,2,11,2,8,-,2,-,3,-,4,-,3,-,-,-,-,-,11 臺南市,2 技職
1052,遠東科技大學,N 修,B 四技,638,436,202,115,54,97,39,115,51,91,53,-,-,-,-,-,-,18,5,11 臺南市,2 技職
1052,遠東科技大學,N 修,C 二技,76,73,3,-,-,-,-,41,1,31,2,-,-,-,-,-,-,1,-,11 臺南市,2 技職
1052,遠東科技大學,N 修,2 二專,37,35,2,19,1,16,1,-,-,-,-,-,-,-,-,-,-,-,-,11 臺南市,2 技職
1053,元培醫事科技大學,D 日,M 碩士,225,109,116,52,38,34,49,19,16,4,13,-,-,-,-,-,-,-,-,18 新竹市,2 技職
1053,元培醫事科技大學,D 日,B 四技,"4,354","1,974","2,380",505,664,365,447,393,540,553,641,-,-,-,-,-,-,158,88,18 新竹市,2 技職
1053,元培醫事科技大學,D 日,C 二技,99,5,94,-,-,-,-,3,48,2,46,-,-,-,-,-,-,-,-,18 新竹市,2 技職
1053,元培醫事科技大學,D 日,2 二專,39,31,8,31,8,-,-,-,-,-,-,-,-,-,-,-,-,-,-,18 新竹市,2 技職
1053,元培醫事科技大學,N 職,M 碩士,42,14,28,6,14,5,10,3,4,-,-,-,-,-,-,-,-,-,-,18 新竹市,2 技職
1053,元培醫事科技大學,N 修,B 四技,"1,007",516,491,173,163,136,148,105,126,66,36,-,-,-,-,-,-,36,18,18 新竹市,2 技職
1053,元培醫事科技大學,N 修,C 二技,526,127,399,-,-,-,-,63,128,59,260,-,5,-,-,-,-,5,6,18 新竹市,2 技職
1054,景文科技大學,D 日,M 碩士,53,38,15,19,8,14,6,1,1,4,-,-,-,-,-,-,-,-,-,01 新北市,2 技職
1054,景文科技大學,D 日,B 四技,"5,178","2,350","2,828",578,725,575,641,451,549,521,683,-,-,-,-,-,-,225,230,01 新北市,2 技職
1054,景文科技大學,D 日,C 二技,3,1,2,-,-,-,-,1,1,-,1,-,-,-,-,-,-,-,-,01 新北市,2 技職
1054,景文科技大學,N 職,M 碩士,67,47,20,15,5,23,13,5,1,4,1,-,-,-,-,-,-,-,-,01 新北市,2 技職
1054,景文科技大學,N 修,B 四技,"1,482",752,730,244,210,142,157,190,166,139,168,-,-,-,-,-,-,37,29,01 新北市,2 技職
1054,景文科技大學,N 修,C 二技,278,92,186,-,-,-,-,51,95,35,85,-,-,-,-,-,-,6,6,01 新北市,2 技職
1055,中華醫事科技大學,D 日,M 碩士,95,46,49,21,27,19,19,4,3,2,-,-,-,-,-,-,-,-,-,11 臺南市,2 技職
1055,中華醫事科技大學,D 日,B 四技,"3,964","1,712","2,252",416,587,383,538,366,475,444,584,-,-,-,-,-,-,103,68,11 臺南市,2 技職
1055,中華醫事科技大學,D 日,C 二技,679,176,503,-,-,-,-,94,252,81,246,-,-,-,-,-,-,1,5,11 臺南市,2 技職
1055,中華醫事科技大學,D 日,2 二專,85,56,29,35,13,21,16,-,-,-,-,-,-,-,-,-,-,-,-,11 臺南市,2 技職
1055,中華醫事科技大學,D 日,5 五專,"2,877",612,"2,265",117,486,156,540,139,495,121,419,62,303,-,-,-,-,17,22,11 臺南市,2 技職
1055,中華醫事科技大學,N 職,M 碩士,20,13,7,7,5,4,2,2,-,-,-,-,-,-,-,-,-,-,-,11 臺南市,2 技職
1055,中華醫事科技大學,N 修,B 四技,759,320,439,90,137,68,77,59,98,71,75,14,30,-,-,-,-,18,22,11 臺南市,2 技職
1055,中華醫事科技大學,N 修,C 二技,683,180,503,-,-,-,-,88,251,71,183,18,54,-,-,-,-,3,15,11 臺南市,2 技職
1056,東南科技大學,D 日,M 碩士,133,98,35,38,21,45,11,9,1,6,2,-,-,-,-,-,-,-,-,01 新北市,2 技職
1056,東南科技大學,D 日,B 四技,"5,209","3,459","1,750",955,496,701,357,696,383,873,448,-,-,-,-,-,-,234,66,01 新北市,2 技職
1056,東南科技大學,N 職,M 碩士,55,47,8,21,4,24,2,2,1,-,1,-,-,-,-,-,-,-,-,01 新北市,2 技職
1056,東南科技大學,N 修,B 四技,537,434,103,171,52,90,15,59,11,82,20,-,-,-,-,-,-,32,5,01 新北市,2 技職
1056,東南科技大學,N 修,C 二技,1,-,1,-,-,-,-,-,-,-,-,-,-,-,-,-,-,-,1,01 新北市,2 技職
1057,德明財經科技大學,D 日,M 碩士,57,31,26,12,12,10,9,5,4,4,1,-,-,-,-,-,-,-,-,30 臺北市,2 技職
1057,德明財經科技大學,D 日,B 四技,"7,079","2,846","4,233",741,"1,074",625,874,656,"1,000",633,"1,062",-,-,-,-,-,-,191,223,30 臺北市,2 技職
1057,德明財經科技大學,D 日,C 二技,154,32,122,-,-,-,-,22,49,9,71,-,-,-,-,-,-,1,2,30 臺北市,2 技職
1057,德明財經科技大學,N 職,M 碩士,55,32,23,12,6,11,10,5,6,4,1,-,-,-,-,-,-,-,-,30 臺北市,2 技職
1057,德明財經科技大學,N 修,B 四技,788,396,392,65,51,76,52,114,111,104,150,-,-,-,-,-,-,37,28,30 臺北市,2 技職
1057,德明財經科技大學,N 修,C 二技,53,16,37,-,-,-,-,5,14,9,23,-,-,-,-,-,-,2,-,30 臺北市,2 技職
1058,明道大學,D 日,D 博士,26,14,12,4,3,2,4,2,2,3,3,3,-,-,-,-,-,-,-,07 彰化縣,1 一般
1058,明道大學,D 日,M 碩士,182,98,84,48,38,22,28,18,12,10,6,-,-,-,-,-,-,-,-,07 彰化縣,1 一般
1058,明道大學,D 日,B 學士,"2,819","1,608","1,211",385,272,275,224,385,292,478,403,-,-,-,-,-,-,85,20,07 彰化縣,1 一般
1058,明道大學,N 職,M 碩士,80,28,52,19,32,7,19,2,-,-,1,-,-,-,-,-,-,-,-,07 彰化縣,1 一般
1058,明道大學,P 進,B 學士,806,514,292,125,78,135,68,98,64,138,73,-,-,-,-,-,-,18,9,07 彰化縣,1 一般
1060,南開科技大學,D 日,M 碩士,105,66,39,26,16,25,19,11,2,4,2,-,-,-,-,-,-,-,-,08 南投縣,2 技職
1060,南開科技大學,D 日,B 四技,"2,924","1,949",975,407,242,375,205,487,218,565,276,-,-,-,-,-,-,115,34,08 南投縣,2 技職
1060,南開科技大學,D 日,C 二技,29,20,9,-,-,-,-,-,-,20,9,-,-,-,-,-,-,-,-,08 南投縣,2 技職
1060,南開科技大學,D 日,5 五專,813,662,151,93,21,126,23,157,36,179,37,100,29,-,-,-,-,7,5,08 南投縣,2 技職
1060,南開科技大學,N 職,M 碩士,99,33,66,12,29,14,23,4,7,3,7,-,-,-,-,-,-,-,-,08 南投縣,2 技職
1060,南開科技大學,N 修,B 四技,756,483,273,125,61,95,51,99,68,131,78,-,-,-,-,-,-,33,15,08 南投縣,2 技職
1061,中華科技大學,D 日,M 碩士,200,144,56,61,28,68,22,9,4,6,2,-,-,-,-,-,-,-,-,30 臺北市,2 技職
1061,中華科技大學,D 日,B 四技,"4,344","2,908","1,436",601,291,577,269,664,337,816,451,-,-,-,-,-,-,250,88,30 臺北市,2 技職
1061,中華科技大學,D 日,C 二技,27,7,20,-,-,-,-,2,6,5,13,-,-,-,-,-,-,-,1,30 臺北市,2 技職
1061,中華科技大學,N 職,M 碩士,97,75,22,37,14,35,7,2,1,1,-,-,-,-,-,-,-,-,-,30 臺北市,2 技職
1061,中華科技大學,N 修,B 四技,824,671,153,204,53,125,26,169,27,132,34,-,-,-,-,-,-,41,13,30 臺北市,2 技職
1061,中華科技大學,N 修,C 二技,318,169,149,-,-,-,-,90,92,77,56,-,-,-,-,-,-,2,1,30 臺北市,2 技職
1062,僑光科技大學,D 日,M 碩士,50,26,24,15,15,8,7,1,2,2,-,-,-,-,-,-,-,-,-,19 臺中市,2 技職
1062,僑光科技大學,D 日,B 四技,"6,530","2,633","3,897",646,968,702,935,634,962,588,993,-,-,-,-,-,-,63,39,19 臺中市,2 技職
1062,僑光科技大學,D 日,C 二技,1,-,1,-,-,-,-,-,1,-,-,-,-,-,-,-,-,-,-,19 臺中市,2 技職
1062,僑光科技大學,N 職,M 碩士,35,22,13,8,8,12,5,1,-,1,-,-,-,-,-,-,-,-,-,19 臺中市,2 技職
1062,僑光科技大學,N 修,B 四技,"4,333","2,354","1,979",648,556,601,462,582,474,444,429,-,-,-,-,-,-,79,58,19 臺中市,2 技職
1062,僑光科技大學,N 修,C 二技,1,1,-,-,-,-,-,-,-,-,-,-,-,-,-,-,-,1,-,19 臺中市,2 技職
1062,僑光科技大學,N 修,X 4+X,15,9,6,9,6,-,-,-,-,-,-,-,-,-,-,-,-,-,-,19 臺中市,2 技職
1062,僑光科技大學,N 修,2 二專,5,3,2,-,-,-,-,-,-,-,-,-,-,-,-,-,-,3,2,19 臺中市,2 技職
1063,育達科技大學,D 日,M 碩士,183,91,92,46,42,25,37,11,9,9,4,-,-,-,-,-,-,-,-,05 苗栗縣,2 技職
1063,育達科技大學,D 日,B 四技,"2,445","1,164","1,281",267,345,217,230,251,255,321,377,-,-,-,-,-,-,108,74,05 苗栗縣,2 技職
1063,育達科技大學,D 日,C 二技,1,-,1,-,-,-,-,-,-,-,-,-,-,-,-,-,-,-,1,05 苗栗縣,2 技職
1063,育達科技大學,N 職,M 碩士,205,115,90,70,60,29,28,10,2,6,-,-,-,-,-,-,-,-,-,05 苗栗縣,2 技職
1063,育達科技大學,N 修,B 四技,"1,174",692,482,186,151,166,108,142,110,160,95,-,-,-,-,-,-,38,18,05 苗栗縣,2 技職
1063,育達科技大學,N 修,C 二技,817,253,564,-,-,-,-,130,309,116,248,-,-,-,-,-,-,7,7,05 苗栗縣,2 技職
1063,育達科技大學,N 修,2 二專,15,-,15,-,-,-,15,-,-,-,-,-,-,-,-,-,-,-,-,05 苗栗縣,2 技職
1064,美和科技大學,D 日,M 碩士,140,52,88,28,38,15,33,8,14,1,3,-,-,-,-,-,-,-,-,13 屏東縣,2 技職
1064,美和科技大學,D 日,B 四技,"3,009","1,290","1,719",273,394,314,438,307,410,343,439,-,-,-,-,-,-,53,38,13 屏東縣,2 技職
1064,美和科技大學,D 日,C 二技,383,47,336,-,-,-,-,25,168,22,168,-,-,-,-,-,-,-,-,13 屏東縣,2 技職
1064,美和科技大學,D 日,5 五專,"1,992",264,"1,728",44,306,47,335,79,365,51,378,37,317,-,-,-,-,6,27,13 屏東縣,2 技職
1064,美和科技大學,N 職,M 碩士,226,78,148,35,55,26,70,14,17,3,6,-,-,-,-,-,-,-,-,13 屏東縣,2 技職
1064,美和科技大學,N 修,B 四技,825,317,508,110,167,52,129,63,125,69,73,-,-,-,-,-,-,23,14,13 屏東縣,2 技職
1064,美和科技大學,N 修,C 二技,795,92,703,-,-,-,-,51,334,36,346,-,-,-,-,-,-,5,23,13 屏東縣,2 技職
1064,美和科技大學,N 修,2 二專,33,10,23,6,12,2,11,-,-,-,-,-,-,-,-,-,-,2,-,13 屏東縣,2 技職
1065,吳鳳科技大學,D 日,M 碩士,64,37,27,15,14,16,11,3,-,3,2,-,-,-,-,-,-,-,-,10 嘉義縣,2 技職
1065,吳鳳科技大學,D 日,B 四技,"3,388","2,333","1,055",630,264,493,213,523,265,611,293,-,-,-,-,-,-,76,20,10 嘉義縣,2 技職
1065,吳鳳科技大學,N 職,M 碩士,67,29,38,20,22,6,14,2,-,-,1,1,-,-,1,-,-,-,-,10 嘉義縣,2 技職
1065,吳鳳科技大學,N 修,B 四技,841,612,229,168,66,128,55,119,38,176,64,-,-,-,-,-,-,21,6,10 嘉義縣,2 技職
1066,環球科技大學,D 日,M 碩士,149,61,88,25,46,25,30,7,8,3,3,1,1,-,-,-,-,-,-,09 雲林縣,2 技職
1066,環球科技大學,D 日,B 四技,"3,010","1,449","1,561",308,347,335,328,305,383,418,452,-,-,-,-,-,-,83,51,09 雲林縣,2 技職
1066,環球科技大學,N 職,M 碩士,50,29,21,15,14,13,4,1,2,-,1,-,-,-,-,-,-,-,-,09 雲林縣,2 技職
1066,環球科技大學,N 修,B 四技,977,471,506,141,157,74,81,107,102,133,151,-,-,-,-,-,-,16,15,09 雲林縣,2 技職
1066,環球科技大學,N 修,C 二技,384,132,252,-,-,-,-,97,150,34,102,-,-,-,-,-,-,1,-,09 雲林縣,2 技職
1066,環球科技大學,N 修,2 二專,206,104,102,46,56,51,46,-,-,-,-,-,-,-,-,-,-,7,-,09 雲林縣,2 技職
1067,台灣首府大學,D 日,M 碩士,67,25,42,12,24,11,16,-,2,2,-,-,-,-,-,-,-,-,-,11 臺南市,1 一般
1067,台灣首府大學,D 日,B 學士,"1,758",877,881,220,208,154,158,156,180,266,289,-,-,-,-,-,-,81,46,11 臺南市,1 一般
1067,台灣首府大學,P 進,B 學士,369,231,138,48,26,52,21,41,44,71,36,-,-,-,-,-,-,19,11,11 臺南市,1 一般
1068,中州科技大學,D 日,M 碩士,32,23,9,8,2,6,-,5,6,1,-,1,1,2,-,-,-,-,-,07 彰化縣,2 技職
1068,中州科技大學,D 日,B 四技,"1,485",851,634,115,103,145,107,192,164,360,238,-,-,-,-,-,-,39,22,07 彰化縣,2 技職
1068,中州科技大學,N 職,M 碩士,42,30,12,27,8,1,4,1,-,-,-,-,-,1,-,-,-,-,-,07 彰化縣,2 技職
1068,中州科技大學,N 修,B 四技,932,615,317,173,75,154,69,127,69,137,98,-,-,-,-,-,-,24,6,07 彰化縣,2 技職
1068,中州科技大學,N 修,C 二技,783,198,585,-,-,-,-,172,348,26,235,-,-,-,-,-,-,-,2,07 彰化縣,2 技職
1069,修平科技大學,D 日,M 碩士,57,41,16,25,7,13,7,3,2,-,-,-,-,-,-,-,-,-,-,06 臺中市,2 技職
1069,修平科技大學,D 日,B 四技,"3,746","2,480","1,266",660,270,420,188,555,312,698,431,-,-,-,-,-,-,147,65,06 臺中市,2 技職
1069,修平科技大學,N 職,M 碩士,9,8,1,4,-,3,1,1,-,-,-,-,-,-,-,-,-,-,-,06 臺中市,2 技職
1069,修平科技大學,N 修,B 四技,"1,065",932,133,396,42,195,30,148,35,130,24,-,-,-,-,-,-,63,2,06 臺中市,2 技職
1070,長庚科技大學,D 日,M 碩士,59,2,57,2,27,-,23,-,6,-,1,-,-,-,-,-,-,-,-,03 桃園市,2 技職
1070,長庚科技大學,D 日,B 四技,"3,450",460,"2,990",121,788,114,777,128,765,93,648,-,-,-,-,-,-,4,12,03 桃園市,2 技職
1070,長庚科技大學,D 日,C 二技,"1,434",66,"1,368",-,-,-,-,34,672,31,685,-,-,-,-,-,-,1,11,03 桃園市,2 技職
1070,長庚科技大學,D 日,5 五專,335,25,310,-,-,-,-,-,-,7,107,17,193,-,-,-,-,1,10,03 桃園市,2 技職
1070,長庚科技大學,N 職,M 碩士,106,3,103,1,44,1,26,-,26,-,5,1,1,-,1,-,-,-,-,03 桃園市,2 技職
1070,長庚科技大學,N 修,C 二技,"1,251",84,"1,167",-,-,-,-,43,520,37,581,3,61,-,-,-,-,1,5,03 桃園市,2 技職
1071,臺北城市科技大學,D 日,M 碩士,83,69,14,29,7,27,2,9,4,4,1,-,-,-,-,-,-,-,-,30 臺北市,2 技職
1071,臺北城市科技大學,D 日,B 四技,"7,159","4,422","2,737","1,092",719,"1,010",611,"1,024",600,"1,002",663,-,-,-,-,-,-,294,144,30 臺北市,2 技職
1071,臺北城市科技大學,D 日,C 二技,3,1,2,-,-,-,-,-,1,-,-,-,-,-,-,-,-,1,1,30 臺北市,2 技職
1071,臺北城市科技大學,D 日,5 五專,"1,249",878,371,120,69,155,65,239,85,211,87,126,63,-,-,-,-,27,2,30 臺北市,2 技職
1071,臺北城市科技大學,N 修,B 四技,852,622,230,232,109,123,33,119,51,113,27,-,-,-,-,-,-,35,10,30 臺北市,2 技職
1071,臺北城市科技大學,N 修,2 二專,12,7,5,-,-,4,5,-,-,-,-,-,-,-,-,-,-,3,-,30 臺北市,2 技職
1072,大華科技大學,D 日,M 碩士,9,9,-,-,-,1,-,1,-,7,-,-,-,-,-,-,-,-,-,04 新竹縣,2 技職
1072,大華科技大學,D 日,B 四技,588,366,222,12,6,43,33,83,57,148,93,-,-,-,-,-,-,80,33,04 新竹縣,2 技職
1072,大華科技大學,D 日,C 二技,41,24,17,-,-,-,-,7,-,15,13,-,-,-,-,-,-,2,4,04 新竹縣,2 技職
1072,大華科技大學,D 日,5 五專,518,307,211,21,19,69,39,58,51,85,48,60,47,-,-,-,-,14,7,04 新竹縣,2 技職
1072,大華科技大學,N 修,B 四技,360,248,112,32,21,87,24,68,31,44,32,-,-,-,-,-,-,17,4,04 新竹縣,2 技職
1072,大華科技大學,N 修,C 二技,437,295,142,-,-,-,-,72,53,211,89,-,-,-,-,-,-,12,-,04 新竹縣,2 技職
1072,大華科技大學,N 修,2 二專,66,48,18,45,18,-,-,-,-,-,-,-,-,-,-,-,-,3,-,04 新竹縣,2 技職
1073,醒吾科技大學,D 日,M 碩士,65,39,26,15,17,14,9,10,-,-,-,-,-,-,-,-,-,-,-,01 新北市,2 技職
1073,醒吾科技大學,D 日,B 四技,"5,795","2,425","3,370",655,824,662,852,480,761,538,851,-,-,-,-,-,-,90,82,01 新北市,2 技職
1073,醒吾科技大學,D 日,5 五專,806,303,503,31,55,65,96,81,114,80,151,44,86,-,-,-,-,2,1,01 新北市,2 技職
1073,醒吾科技大學,N 職,M 碩士,106,66,40,39,26,9,9,9,-,4,1,1,4,4,-,-,-,-,-,01 新北市,2 技職
1073,醒吾科技大學,N 修,B 四技,"1,325",569,756,257,365,85,145,112,142,97,95,-,-,-,-,-,-,18,9,01 新北市,2 技職
1074,南榮科技大學,D 日,M 碩士,27,18,9,10,5,4,2,3,1,1,1,-,-,-,-,-,-,-,-,11 臺南市,2 技職
1074,南榮科技大學,D 日,B 四技,698,432,266,70,14,54,33,91,60,179,142,-,-,-,-,-,-,38,17,11 臺南市,2 技職
1074,南榮科技大學,D 日,C 二技,8,8,-,-,-,-,-,-,-,8,-,-,-,-,-,-,-,-,-,11 臺南市,2 技職
1074,南榮科技大學,D 日,5 五專,108,79,29,6,1,10,-,21,9,21,9,16,7,-,-,-,-,5,3,11 臺南市,2 技職
1074,南榮科技大學,N 職,M 碩士,28,12,16,4,9,5,7,3,-,-,-,-,-,-,-,-,-,-,-,11 臺南市,2 技職
1074,南榮科技大學,N 修,B 四技,680,476,204,165,60,45,20,131,66,107,48,-,-,-,-,-,-,28,10,11 臺南市,2 技職
1074,南榮科技大學,N 修,C 二技,40,27,13,-,-,-,-,-,-,27,13,-,-,-,-,-,-,-,-,11 臺南市,2 技職
1074,南榮科技大學,N 修,2 二專,61,39,22,-,-,36,22,-,-,-,-,-,-,-,-,-,-,3,-,11 臺南市,2 技職
1075,文藻外語大學,D 日,M 碩士,174,43,131,13,51,14,25,12,29,4,26,-,-,-,-,-,-,-,-,50 高雄市,2 技職
1075,文藻外語大學,D 日,B 四技,"5,289","1,297","3,992",374,895,282,965,303,896,269,965,-,-,-,-,-,-,69,271,50 高雄市,2 技職
1075,文藻外語大學,D 日,C 二技,264,39,225,-,-,-,-,16,98,16,101,-,-,-,-,-,-,7,26,50 高雄市,2 技職
1075,文藻外語大學,D 日,5 五專,"1,625",280,"1,345",58,255,52,261,49,249,63,277,51,274,-,-,-,-,7,29,50 高雄市,2 技職
1075,文藻外語大學,N 職,M 碩士,53,15,38,4,11,3,12,3,8,1,5,3,2,1,-,-,-,-,-,50 高雄市,2 技職
1075,文藻外語大學,N 修,B 四技,"1,839",598,"1,241",219,348,136,260,106,263,89,236,-,-,-,-,-,-,48,134,50 高雄市,2 技職
1075,文藻外語大學,N 修,C 二技,193,52,141,-,-,-,-,25,67,23,59,-,-,-,-,-,-,4,15,50 高雄市,2 技職
1076,華夏科技大學,D 日,M 碩士,41,35,6,12,6,12,-,9,-,2,-,-,-,-,-,-,-,-,-,01 新北市,2 技職
1076,華夏科技大學,D 日,B 四技,"2,188","1,383",805,288,206,269,150,313,193,445,216,-,-,-,-,-,-,68,40,01 新北市,2 技職
1076,華夏科技大學,D 日,C 二技,83,66,17,-,-,-,-,31,8,34,9,-,-,-,-,-,-,1,-,01 新北市,2 技職
1076,華夏科技大學,D 日,5 五專,603,525,78,109,23,100,14,154,14,95,16,63,11,-,-,-,-,4,-,01 新北市,2 技職
1076,華夏科技大學,N 職,M 碩士,66,48,18,25,11,14,6,4,1,4,-,1,-,-,-,-,-,-,-,01 新北市,2 技職
1076,華夏科技大學,N 修,B 四技,741,451,290,71,73,110,64,97,69,132,70,-,-,-,-,-,-,41,14,01 新北市,2 技職
1076,華夏科技大學,N 修,C 二技,410,209,201,-,-,-,-,108,102,94,99,-,-,-,-,-,-,7,-,01 新北市,2 技職
1076,華夏科技大學,N 修,2 二專,234,102,132,25,56,70,73,-,-,-,-,-,-,-,-,-,-,7,3,01 新北市,2 技職
1077,慈濟科技大學,D 日,M 碩士,39,16,23,7,9,5,12,4,1,-,1,-,-,-,-,-,-,-,-,15 花蓮縣,2 技職
1077,慈濟科技大學,D 日,B 四技,"1,271",544,727,118,208,120,199,126,167,128,127,-,-,-,-,-,-,52,26,15 花蓮縣,2 技職
1077,慈濟科技大學,D 日,C 二技,280,22,258,-,-,-,-,11,131,11,127,-,-,-,-,-,-,-,-,15 花蓮縣,2 技職
1077,慈濟科技大學,D 日,5 五專,"1,293",166,"1,127",38,221,38,219,32,224,24,218,27,210,-,-,-,-,7,35,15 花蓮縣,2 技職
1077,慈濟科技大學,N 修,C 二技,96,9,87,-,-,-,-,3,53,3,27,-,-,-,-,-,-,3,7,15 花蓮縣,2 技職
1078,致理科技大學,D 日,M 碩士,47,10,37,3,14,4,12,3,8,-,3,-,-,-,-,-,-,-,-,01 新北市,2 技職
1078,致理科技大學,D 日,B 四技,"6,313","1,990","4,323",447,"1,075",480,"1,039",457,"1,015",474,"1,036",-,-,-,-,-,-,132,158,01 新北市,2 技職
1078,致理科技大學,D 日,C 二技,271,43,228,-,-,-,-,13,101,27,120,-,-,-,-,-,-,3,7,01 新北市,2 技職
1078,致理科技大學,D 日,2 二專,1,-,1,-,-,-,-,-,-,-,-,-,-,-,-,-,-,-,1,01 新北市,2 技職
1078,致理科技大學,D 日,5 五專,"1,614",325,"1,289",81,253,53,265,67,257,56,253,61,241,-,-,-,-,7,20,01 新北市,2 技職
1078,致理科技大學,N 職,M 碩士,50,15,35,9,7,4,11,1,9,1,3,-,5,-,-,-,-,-,-,01 新北市,2 技職
1078,致理科技大學,N 修,B 四技,"3,187","1,222","1,965",368,500,276,468,216,448,264,436,-,-,-,-,-,-,98,113,01 新北市,2 技職
1078,致理科技大學,N 修,C 二技,26,12,14,-,-,-,-,-,-,-,2,-,-,-,-,-,-,12,12,01 新北市,2 技職
1079,康寧大學,D 日,M 碩士,96,28,68,13,36,11,26,3,4,-,2,1,-,-,-,-,-,-,-,30 臺北市,1 一般
1079,康寧大學,D 日,B 學士,607,287,320,30,85,66,68,35,64,115,94,-,-,-,-,-,-,41,9,30 臺北市,1 一般
1079,康寧大學,D 日,2 二專,1,-,1,-,-,-,-,-,-,-,-,-,-,-,-,-,-,-,1,30 臺北市,2 技職
1079,康寧大學,D 日,5 五專,"2,863",637,"2,226",120,444,145,407,141,469,116,477,105,401,-,-,-,-,10,28,30 臺北市,2 技職
1079,康寧大學,N 職,M 碩士,121,42,79,18,33,10,36,9,8,2,2,3,-,-,-,-,-,-,-,30 臺北市,1 一般
1079,康寧大學,N 修,C 二技,32,2,30,-,-,-,-,2,30,-,-,-,-,-,-,-,-,-,-,30 臺北市,2 技職
1079,康寧大學,N 修,2 二專,273,61,212,32,102,28,108,-,-,-,-,-,-,-,-,-,-,1,2,30 臺北市,2 技職
1079,康寧大學,P 進,B 學士,311,220,91,41,7,43,18,48,10,79,54,-,-,-,-,-,-,9,2,30 臺北市,1 一般
1080,宏國德霖科技大學,D 日,B 四技,"2,601","1,571","1,030",425,280,316,217,376,213,390,287,-,-,-,-,-,-,64,33,01 新北市,2 技職
1080,宏國德霖科技大學,D 日,C 二技,84,26,58,-,-,-,-,17,24,7,34,-,-,-,-,-,-,2,-,01 新北市,2 技職
1080,宏國德霖科技大學,D 日,5 五專,"1,332",812,520,139,102,148,94,215,117,161,103,137,94,-,-,-,-,12,10,01 新北市,2 技職
1080,宏國德霖科技大學,N 修,B 四技,"1,462",908,554,314,157,163,131,223,132,168,119,-,-,-,-,-,-,40,15,01 新北市,2 技職
1080,宏國德霖科技大學,N 修,C 二技,680,415,265,-,-,-,-,220,126,186,135,-,-,-,-,-,-,9,4,01 新北市,2 技職
1080,宏國德霖科技大學,N 修,2 二專,185,89,96,40,52,47,42,-,-,-,-,-,-,-,-,-,-,2,2,01 新北市,2 技職
1081,東方設計大學,D 日,D 博士,31,18,13,5,2,4,4,5,6,3,1,1,-,-,-,-,-,-,-,12 高雄市,2 技職
1081,東方設計大學,D 日,M 碩士,125,53,72,22,34,18,20,8,12,5,6,-,-,-,-,-,-,-,-,12 高雄市,2 技職
1081,東方設計大學,D 日,B 四技,"1,212",655,557,89,85,176,96,139,150,202,186,-,-,-,-,-,-,49,40,12 高雄市,2 技職
1081,東方設計大學,D 日,C 二技,50,26,24,-,-,-,-,7,13,15,10,-,-,-,-,-,-,4,1,12 高雄市,2 技職
1081,東方設計大學,D 日,5 五專,"1,193",547,646,53,67,101,139,136,152,154,163,94,119,-,-,-,-,9,6,12 高雄市,2 技職
1081,東方設計大學,N 職,M 碩士,39,12,27,7,21,3,5,2,1,-,-,-,-,-,-,-,-,-,-,12 高雄市,2 技職
1081,東方設計大學,N 修,B 四技,182,87,95,29,7,12,28,22,38,21,21,-,-,-,-,-,-,3,1,12 高雄市,2 技職
1082,崇右影藝科技大學,D 日,M 碩士,86,45,41,22,20,19,17,3,3,1,1,-,-,-,-,-,-,-,-,17 基隆市,2 技職
1082,崇右影藝科技大學,D 日,B 四技,"2,174",985,"1,189",227,278,201,309,198,208,241,313,-,-,-,-,-,-,118,81,17 基隆市,2 技職
1082,崇右影藝科技大學,D 日,5 五專,155,71,84,-,-,-,-,34,34,27,34,6,9,-,-,-,-,4,7,17 基隆市,2 技職
1083,台北海洋科技大學,D 日,M 碩士,133,74,59,38,36,29,19,6,4,1,-,-,-,-,-,-,-,-,-,01 新北市,2 技職
1083,台北海洋科技大學,D 日,B 四技,"2,999","1,604","1,395",346,306,332,278,364,308,417,410,-,-,-,-,-,-,145,93,01 新北市,2 技職
1083,台北海洋科技大學,D 日,C 二技,216,147,69,-,-,-,-,59,27,74,40,-,-,-,-,-,-,14,2,01 新北市,2 技職
1083,台北海洋科技大學,D 日,X 4+X,29,25,4,25,4,-,-,-,-,-,-,-,-,-,-,-,-,-,-,01 新北市,2 技職
1083,台北海洋科技大學,D 日,2 二專,73,69,4,27,2,37,1,-,-,-,-,-,-,-,-,-,-,5,1,01 新北市,2 技職
1083,台北海洋科技大學,D 日,5 五專,"1,058",645,413,82,63,127,58,149,98,128,92,122,87,-,-,-,-,37,15,01 新北市,2 技職
1083,台北海洋科技大學,N 修,B 四技,158,74,84,38,20,10,18,9,30,13,13,-,-,-,-,-,-,4,3,01 新北市,2 技職
1083,台北海洋科技大學,N 修,C 二技,105,33,72,-,-,-,-,23,45,9,27,-,-,-,-,-,-,1,-,01 新北市,2 技職
1083,台北海洋科技大學,N 修,2 二專,85,78,7,37,3,37,4,-,-,-,-,-,-,-,-,-,-,4,-,01 新北市,2 技職
1125,中信金融管理學院,D 日,M 碩士,73,38,35,26,19,12,16,-,-,-,-,-,-,-,-,-,-,-,-,21 臺南市,1 一般
1125,中信金融管理學院,D 日,B 學士,588,292,296,113,84,53,70,68,67,58,75,-,-,-,-,-,-,-,-,21 臺南市,1 一般
1148,大漢技術學院,D 日,M 碩士,86,62,24,24,15,25,8,13,1,-,-,-,-,-,-,-,-,-,-,15 花蓮縣,2 技職
1148,大漢技術學院,D 日,B 四技,326,197,129,40,47,49,29,43,20,51,28,-,-,-,-,-,-,14,5,15 花蓮縣,2 技職
1148,大漢技術學院,N 修,B 四技,318,198,120,61,45,44,26,40,22,45,24,-,-,-,-,-,-,8,3,15 花蓮縣,2 技職
1148,大漢技術學院,N 修,C 二技,291,165,126,-,-,-,-,89,56,75,69,-,-,-,-,-,-,1,1,15 花蓮縣,2 技職
1148,大漢技術學院,N 修,2 二專,142,74,68,43,36,30,31,-,-,-,-,-,-,-,-,-,-,1,1,15 花蓮縣,2 技職
1159,和春技術學院,D 日,M 碩士,15,14,1,-,-,8,1,4,-,2,-,-,-,-,-,-,-,-,-,12 高雄市,2 技職
1159,和春技術學院,D 日,B 四技,378,262,116,46,6,40,17,58,34,73,31,-,-,-,-,-,-,45,28,12 高雄市,2 技職
1159,和春技術學院,D 日,C 二技,20,12,8,-,-,-,-,9,4,2,4,-,-,-,-,-,-,1,-,12 高雄市,2 技職
1159,和春技術學院,D 日,5 五專,190,106,84,6,13,10,19,34,22,24,15,28,10,-,-,-,-,4,5,12 高雄市,2 技職
1159,和春技術學院,N 修,B 四技,266,177,89,27,13,21,12,30,30,80,30,-,-,-,-,-,-,19,4,12 高雄市,2 技職
1159,和春技術學院,N 修,C 二技,336,204,132,-,-,-,-,68,34,132,96,-,-,-,-,-,-,4,2,12 高雄市,2 技職
1159,和春技術學院,N 修,2 二專,241,171,70,58,24,84,37,-,-,-,-,-,-,-,-,-,-,29,9,12 高雄市,2 技職
1166,亞東技術學院,D 日,M 碩士,43,31,12,14,7,12,4,4,1,1,-,-,-,-,-,-,-,-,-,01 新北市,2 技職
1166,亞東技術學院,D 日,B 四技,"4,187","3,022","1,165",797,293,699,306,709,252,703,282,-,-,-,-,-,-,114,32,01 新北市,2 技職
1166,亞東技術學院,D 日,C 二技,180,10,170,-,-,-,-,6,84,4,84,-,-,-,-,-,-,-,2,01 新北市,2 技職
1166,亞東技術學院,N 修,B 四技,1,1,-,-,-,-,-,-,-,-,-,-,-,-,-,-,-,1,-,01 新北市,2 技職
1166,亞東技術學院,N 修,C 二技,111,1,110,-,-,-,-,-,46,-,41,1,23,-,-,-,-,-,-,01 新北市,2 技職
1168,南亞技術學院,D 日,M 碩士,26,21,5,11,1,7,1,1,3,2,-,-,-,-,-,-,-,-,-,03 桃園市,2 技職
1168,南亞技術學院,D 日,B 四技,"1,763","1,015",748,253,148,167,140,218,177,269,229,-,-,-,-,-,-,108,54,03 桃園市,2 技職
1168,南亞技術學院,D 日,5 五專,327,181,146,26,33,44,22,55,47,56,44,-,-,-,-,-,-,-,-,03 桃園市,2 技職
1168,南亞技術學院,N 修,B 四技,820,572,248,142,73,107,42,154,57,140,59,-,-,-,-,-,-,29,17,03 桃園市,2 技職
1168,南亞技術學院,N 修,C 二技,37,26,11,-,-,-,-,26,11,-,-,-,-,-,-,-,-,-,-,03 桃園市,2 技職
1168,南亞技術學院,N 修,2 二專,37,29,8,15,3,10,4,-,-,-,-,-,-,-,-,-,-,4,1,03 桃園市,2 技職
1176,稻江科技暨管理學院,D 日,M 碩士,85,42,43,20,18,15,18,2,5,4,2,-,-,1,-,-,-,-,-,10 嘉義縣,1 一般
1176,稻江科技暨管理學院,D 日,B 學士,"1,455",773,682,231,229,228,146,176,189,120,109,-,-,-,-,-,-,18,9,10 嘉義縣,1 一般
1176,稻江科技暨管理學院,N 職,M 碩士,55,34,21,16,13,13,5,4,3,1,-,-,-,-,-,-,-,-,-,10 嘉義縣,1 一般
1176,稻江科技暨管理學院,N 修,C 二技,132,25,107,-,-,-,-,13,53,12,51,-,-,-,-,-,-,-,3,10 嘉義縣,2 技職
1176,稻江科技暨管理學院,P 進,B 學士,607,228,379,53,78,66,94,42,101,52,95,-,-,-,-,-,-,15,11,10 嘉義縣,1 一般
1182,蘭陽技術學院,D 日,B 四技,515,301,214,77,55,47,34,65,60,89,57,-,-,-,-,-,-,23,8,02 宜蘭縣,2 技職
1182,蘭陽技術學院,D 日,C 二技,1,1,-,-,-,-,-,-,-,-,-,-,-,-,-,-,-,1,-,02 宜蘭縣,2 技職
1182,蘭陽技術學院,D 日,5 五專,405,239,166,37,28,34,24,78,46,64,51,23,12,-,-,-,-,3,5,02 宜蘭縣,2 技職
1183,黎明技術學院,D 日,B 四技,"3,326","1,771","1,555",541,500,394,391,389,318,367,303,-,-,-,-,-,-,80,43,01 新北市,2 技職
1183,黎明技術學院,D 日,5 五專,583,494,89,65,14,82,21,91,22,115,10,118,20,-,-,-,-,23,2,01 新北市,2 技職
1183,黎明技術學院,N 修,B 四技,845,565,280,201,153,138,54,97,40,112,31,-,-,-,-,-,-,17,2,01 新北市,2 技職
1183,黎明技術學院,N 修,C 二技,109,11,98,-,-,-,-,6,56,5,39,-,-,-,-,-,-,-,3,01 新北市,2 技職
1183,黎明技術學院,N 修,2 二專,62,2,60,2,51,-,8,-,-,-,-,-,-,-,-,-,-,-,1,01 新北市,2 技職
1185,經國管理暨健康學院,D 日,M 碩士,26,6,20,1,9,5,5,-,1,-,5,-,-,-,-,-,-,-,-,17 基隆市,2 技職
1185,經國管理暨健康學院,D 日,B 四技,"1,890",691,"1,199",212,352,168,266,137,264,113,280,-,-,-,-,-,-,61,37,17 基隆市,2 技職
1185,經國管理暨健康學院,D 日,C 二技,169,12,157,-,-,-,-,7,86,5,70,-,-,-,-,-,-,-,1,17 基隆市,2 技職
1185,經國管理暨健康學院,D 日,5 五專,"1,305",346,959,75,160,62,167,71,194,79,209,48,188,-,-,-,-,11,41,17 基隆市,2 技職
1185,經國管理暨健康學院,N 職,M 碩士,45,8,37,3,17,3,15,1,1,1,4,-,-,-,-,-,-,-,-,17 基隆市,2 技職
1185,經國管理暨健康學院,N 修,B 四技,154,71,83,-,-,9,6,24,12,32,57,-,-,-,-,-,-,6,8,17 基隆市,2 技職
1185,經國管理暨健康學院,N 修,C 二技,143,7,136,-,-,-,-,4,82,3,52,-,-,-,-,-,-,-,2,17 基隆市,2 技職
1188,大同技術學院,D 日,B 四技,"1,110",519,591,132,122,90,133,116,158,165,168,-,-,-,-,-,-,16,10,20 嘉義市,2 技職
1188,大同技術學院,D 日,5 五專,135,76,59,4,11,10,8,25,14,16,15,13,10,-,-,-,-,8,1,20 嘉義市,2 技職
1188,大同技術學院,N 修,B 四技,252,99,153,47,58,9,28,19,25,18,34,-,-,-,-,-,-,6,8,20 嘉義市,2 技職
1188,大同技術學院,N 修,C 二技,300,78,222,-,-,-,-,44,126,30,94,-,-,-,-,-,-,4,2,20 嘉義市,2 技職
1188,大同技術學院,N 修,2 二專,6,3,3,-,-,3,3,-,-,-,-,-,-,-,-,-,-,-,-,20 嘉義市,2 技職
1192,臺灣觀光學院,D 日,M 碩士,28,13,15,7,9,4,2,2,1,-,3,-,-,-,-,-,-,-,-,15 花蓮縣,2 技職
1192,臺灣觀光學院,D 日,B 四技,411,217,194,40,42,16,14,42,45,71,67,-,-,-,-,-,-,48,26,15 花蓮縣,2 技職
1192,臺灣觀光學院,D 日,C 二技,2,-,2,-,-,-,-,-,-,-,-,-,-,-,-,-,-,-,2,15 花蓮縣,2 技職
1192,臺灣觀光學院,D 日,2 二專,1,1,-,-,-,-,-,-,-,-,-,-,-,-,-,-,-,1,-,15 花蓮縣,2 技職
1192,臺灣觀光學院,D 日,5 五專,133,51,82,2,2,4,10,17,17,16,31,9,20,-,-,-,-,3,2,15 花蓮縣,2 技職
1192,臺灣觀光學院,N 修,B 四技,84,34,50,13,17,6,12,6,12,8,9,-,-,-,-,-,-,1,-,15 花蓮縣,2 技職
1192,臺灣觀光學院,N 修,C 二技,53,20,33,-,-,-,-,9,21,10,12,-,-,-,-,-,-,1,-,15 花蓮縣,2 技職
1192,臺灣觀光學院,N 修,2 二專,39,15,24,10,20,4,4,-,-,-,-,-,-,-,-,-,-,1,-,15 花蓮縣,2 技職
1195,馬偕醫學院,D 日,M 碩士,47,19,28,5,6,9,7,3,11,2,4,-,-,-,-,-,-,-,-,01 新北市,1 一般
1195,馬偕醫學院,D 日,B 學士,661,254,407,48,111,40,79,45,77,45,78,19,23,33,14,19,22,5,3,01 新北市,1 一般
1196,法鼓文理學院,D 日,D 博士,17,7,10,2,1,1,3,-,-,3,3,1,3,-,-,-,-,-,-,01 新北市,1 一般
1196,法鼓文理學院,D 日,M 碩士,206,54,152,17,43,13,36,15,36,9,37,-,-,-,-,-,-,-,-,01 新北市,1 一般
1196,法鼓文理學院,D 日,B 學士,57,21,36,4,11,7,10,6,6,4,9,-,-,-,-,-,-,-,-,01 新北市,1 一般
1282,馬偕醫護管理專科學校,D 日,2 二專,42,19,23,14,13,5,9,-,-,-,-,-,-,-,-,-,-,-,1,30 臺北市,2 技職
1282,馬偕醫護管理專科學校,D 日,5 五專,"3,932",448,"3,484",95,686,96,687,99,692,77,697,68,658,-,-,-,-,13,64,30 臺北市,2 技職
1282,馬偕醫護管理專科學校,N 修,2 二專,302,148,154,111,105,33,47,-,-,-,-,-,-,-,-,-,-,4,2,30 臺北市,2 技職
1283,仁德醫護管理專科學校,D 日,5 五專,"6,073","1,308","4,765",238,905,272,974,272,973,235,896,182,807,-,-,-,-,109,210,05 苗栗縣,2 技職
1283,仁德醫護管理專科學校,N 修,2 二專,352,202,150,138,94,59,50,-,-,-,-,-,-,-,-,-,-,5,6,05 苗栗縣,2 技職
1284,樹人醫護管理專科學校,D 日,5 五專,"6,620","1,548","5,072",339,"1,150",324,"1,039",316,"1,029",288,946,216,761,-,-,-,-,65,147,12 高雄市,2 技職
1284,樹人醫護管理專科學校,N 修,2 二專,529,340,189,145,79,137,77,18,16,32,16,-,-,-,-,-,-,8,1,12 高雄市,2 技職
1285,慈惠醫護管理專科學校,D 日,2 二專,96,36,60,13,23,22,31,-,-,-,-,-,-,-,-,-,-,1,6,13 屏東縣,2 技職
1285,慈惠醫護管理專科學校,D 日,5 五專,"4,677","1,059","3,618",171,580,168,620,214,807,245,776,197,640,-,-,-,-,64,195,13 屏東縣,2 技職
1285,慈惠醫護管理專科學校,N 修,2 二專,267,97,170,57,80,16,56,3,7,11,8,-,-,-,-,-,-,10,19,13 屏東縣,2 技職
1286,耕莘健康管理專科學校,D 日,5 五專,"4,987",506,"4,481",100,835,102,918,96,924,91,845,100,815,-,-,-,-,17,144,01 新北市,2 技職
1286,耕莘健康管理專科學校,N 修,2 二專,106,1,105,1,61,-,43,-,-,-,-,-,-,-,-,-,-,-,1,01 新北市,2 技職
1287,敏惠醫護管理專科學校,D 日,5 五專,"3,869",470,"3,399",97,706,84,710,101,684,83,629,72,607,-,-,-,-,33,63,11 臺南市,2 技職
1289,育英醫護管理專科學校,D 日,5 五專,2013,202,1811,41,351,47,374,42,379,37,348,32,323,-,-,-,-,3,36,50 高雄市,2 技職
1291,聖母醫護管理專科學校,D 日,5 五專,"2,777",588,"2,189",85,358,96,444,154,486,143,461,99,425,-,-,-,-,11,15,02 宜蘭縣,2 技職
1292,新生醫護管理專科學校,D 日,5 五專,5964,723,5241,136,1108,157,1058,162,1099,138,1022,107,825,-,-,-,-,23,129,03 桃園市,2 技職
1292,新生醫護管理專科學校,N 修,2 二專,94,35,59,19,32,15,27,-,-,-,-,-,-,-,-,-,-,1,-,03 桃園市,2 技職
1293,崇仁醫護管理專科學校,D 日,5 五專,3392,418,2974,89,550,89,610,81,620,74,581,70,560,-,-,-,-,15,53,10 嘉義縣,2 技職
3002,臺北市立大學,D 日,D 博士,247,103,144,14,20,16,14,17,18,12,20,13,22,9,12,22,38,-,-,30 臺北市,1 一般
3002,臺北市立大學,D 日,M 碩士,1187,388,799,124,252,112,228,82,134,48,112,10,39,12,34,-,-,-,-,30 臺北市,1 一般
3002,臺北市立大學,D 日,B 學士,"5,304",2373,"2,931",566,725,524,682,583,692,535,693,-,-,-,-,-,-,165,139,30 臺北市,1 一般
3002,臺北市立大學,N 職,M 碩士,1036,287,749,98,271,87,237,44,119,25,71,19,23,14,28,-,-,-,-,30 臺北市,1 一般
